peak_id,0,1
chrIII_103604_103908,1.8039067,0.06330845
chrIII_104408_104686,0.8019824,0.47490984
chrIII_105687_105966,1.3388586,0.09455307
chrIII_111694_112071,0.7711972,0.13053755
chrIII_11204_11592,0.7846036,0.09787899
chrIII_122468_124058,0.30842754,0.19715463
chrIII_133371_133899,1.6868442,0.26450148
chrIII_137017_137855,0.7778773,0.5547763
chrIII_138498_139024,0.90449536,0.04601013
chrIII_145016_145192,1.0660082,0.037841465
chrIII_147187_148630,2.667229,0.14444724
chrIII_157459_158503,0.53514636,0.053561702
chrIII_163317_164660,0.2466605,0.055028945
chrIII_16871_17696,1.8970842,0.15413815
chrIII_184709_184904,1.1083846,0.06397985
chrIII_185913_186403,0.4049834,0.49079394
chrIII_190053_190587,0.53006005,0.08096428
chrIII_193103_193478,2.842504,0.44206813
chrIII_194444_194762,0.70398515,0.15153971
chrIII_197088_197776,0.34219792,0.37850752
chrIII_202618_203066,0.29534537,0.15227018
chrIII_210291_210630,0.42389077,0.075933225
chrIII_211761_212292,0.4097352,0.24567075
chrIII_214183_214331,0.31333533,0.3421359
chrIII_216334_216950,0.4465919,0.24076729
chrIII_223500_223758,0.13587515,0.30975267
chrIII_225271_225794,0.18211067,0.2030105
chrIII_225950_226462,1.0526783,0.18532267
chrIII_226475_226784,0.17754938,0.036804494
chrIII_227966_228376,0.9248085,0.4332132
chrIII_228576_229256,0.7078776,0.32415196
chrIII_237796_238113,0.5847827,0.12467299
chrIII_238160_239028,1.627382,0.16692582
chrIII_24032_24957,1.0734079,0.28087884
chrIII_246596_247412,0.53133976,0.047138695
chrIII_247648_247873,0.112062514,0.23824084
chrIII_252654_253653,0.9734575,0.7109312
chrIII_254270_254549,0.34502402,0.48211592
chrIII_258678_259078,0.27014253,0.07440121
chrIII_259295_259664,0.7443345,0.33498248
chrIII_262698_263357,0.47367546,0.26243734
chrIII_264872_265194,0.9108627,0.28114405
chrIII_274100_274573,1.7741805,0.60407275
chrIII_274671_275009,2.7986207,0.113942474
chrIII_279773_280370,0.8021809,0.06706624
chrIII_286424_286933,0.83482414,0.13983019
chrIII_293745_294023,0.6062695,0.1933797
chrIII_294220_294498,1.3488063,1.5214795
chrIII_309569_309875,3.0604215,0.07152308
chrIII_309926_310438,1.8974867,0.48655307
chrIII_310812_311053,0.93091977,0.09439937
chrIII_371_1510,1.2067263,0.59016216
chrIII_40647_41366,2.3586385,0.15170349
chrIII_47008_47371,0.541785,0.22794795
chrIII_50168_51273,0.9192387,0.038944628
chrIII_51400_51636,0.6447431,0.06883426
chrIII_51678_51926,1.0463009,0.044790387
chrIII_52017_52596,1.777964,0.17167382
chrIII_53881_54221,1.2544047,0.3871372
chrIII_62588_62783,1.3249862,0.24195623
chrIII_65769_66046,1.6668439,0.22798741
chrIII_66130_66325,0.7311204,0.41630632
chrIII_68421_69061,0.40231916,0.62610674
chrIII_75964_76320,1.1978344,0.12109686
chrIII_76607_76898,1.5624607,0.20334679
chrIII_77366_77679,1.6286868,0.09738642
chrIII_77752_78812,0.52139705,0.17268878
chrIII_83671_84303,0.58646953,0.0190296
chrIII_95713_96226,0.31731758,0.4222832
chrII_100178_100797,0.5518571,0.35744777
chrII_100831_101042,0.7499963,0.70899004
chrII_101049_102148,0.46199155,0.056721568
chrII_10207_10363,1.1069276,0.90016794
chrII_10442_10829,1.9489573,0.15011756
chrII_107513_108138,0.25390747,0.274926
chrII_111115_111490,0.9734739,0.10411622
chrII_113318_113917,0.7384202,0.29720062
chrII_116569_117473,0.9586126,1.2050483
chrII_128013_128460,0.61631256,0.2304159
chrII_128982_129151,2.04542,0.13923769
chrII_135737_136572,1.5149558,0.13914528
chrII_145981_146341,0.6568268,0.08538185
chrII_151164_151559,2.0775168,0.6768416
chrII_153745_154156,0.3040463,0.22170623
chrII_158506_160359,0.46340564,0.045652337
chrII_177971_178230,0.3530779,0.5835731
chrII_17988_18359,1.5002713,0.05960289
chrII_181414_181818,0.29528606,0.18937975
chrII_186590_187116,1.5466483,0.16021092
chrII_193108_194197,0.14688529,0.08775813
chrII_201805_203656,0.74489886,0.07259914
chrII_216354_217470,0.9242274,0.035556767
chrII_220149_220345,1.0802249,0.2719547
chrII_226830_227824,0.32361978,0.72387075
chrII_235745_236513,0.56476676,0.048574757
chrII_237431_237754,0.7527819,0.16790144
chrII_23832_24195,1.2578598,0.58235973
chrII_24504_24683,1.4286709,0.8334257
chrII_247253_247669,0.30757254,0.85893834
chrII_25383_25770,0.728915,0.2807964
chrII_255595_257799,1.6158144,0.42032078
chrII_257903_258542,2.5662951,0.08599887
chrII_266413_266986,0.4928366,0.078371905
chrII_267134_267365,0.43189973,0.33784458
chrII_267384_267846,0.77037203,0.18122339
chrII_268600_268767,0.17033158,0.11017171
chrII_269480_270798,0.51145464,0.07181296
chrII_276663_276998,0.67214966,0.15523802
chrII_27942_29641,0.24985564,0.08634741
chrII_283615_283785,1.7743952,0.60265255
chrII_297715_298252,1.1347847,0.21464257
chrII_301454_302049,0.33238655,0.21414788
chrII_310269_310841,0.07717163,0.35238868
chrII_315272_315731,0.91369325,0.5045073
chrII_324170_324704,1.1989627,0.03197445
chrII_331619_332014,2.1540956,0.30694255
chrII_336920_337358,1.206087,0.20980576
chrII_337375_337635,1.6528207,0.03325498
chrII_338335_339336,0.5882291,0.121869385
chrII_339435_339743,1.4805118,0.83698857
chrII_356528_357408,0.4749322,0.24206963
chrII_360162_360775,0.48910773,0.4385367
chrII_36149_37139,1.1588817,0.6807141
chrII_37505_37664,2.0724525,0.14706847
chrII_37835_38162,0.24820068,0.13480476
chrII_378772_379273,0.59629256,0.2291419
chrII_380076_380492,2.6238403,0.45232826
chrII_39052_39282,0.5481166,0.35778245
chrII_391435_393039,0.8159241,0.04779367
chrII_393323_393478,0.23093621,0.25692868
chrII_400811_401420,1.221626,0.23747389
chrII_408044_409176,2.0317628,0.18670504
chrII_419170_420314,0.9086218,0.055891067
chrII_426251_427211,1.8342931,0.09055115
chrII_431219_432054,2.9161649,0.71752435
chrII_435649_436178,2.8494618,0.11586352
chrII_441264_441569,0.16761465,0.26576993
chrII_444590_445390,0.79973304,0.15377857
chrII_451702_452729,1.3437594,0.20353864
chrII_455945_456103,0.7208677,0.118811056
chrII_458493_458964,1.5534014,0.6158196
chrII_465955_467432,1.3735751,0.28388816
chrII_47249_47559,1.0473694,0.157427
chrII_473917_474693,0.5352221,0.058958896
chrII_475050_475426,2.3692505,0.27902353
chrII_475653_475857,1.9305027,0.12215281
chrII_476055_476287,1.1154187,0.65206
chrII_484618_484793,2.1683292,0.9311285
chrII_488672_489081,1.5852208,0.22903013
chrII_489448_489618,1.5853039,0.04150729
chrII_490237_491238,0.15914217,0.27283818
chrII_492981_493383,1.2470926,0.051734675
chrII_49488_49824,1.1442156,0.029289387
chrII_501487_502123,1.4568056,0.18871512
chrII_504361_505154,2.4582531,0.62570786
chrII_512667_513088,0.8716457,0.38625807
chrII_513259_513460,1.6267182,0.31500167
chrII_515408_515884,0.7674661,0.14564335
chrII_517023_517179,0.42985693,0.29296124
chrII_526807_527403,1.905054,1.1174359
chrII_533078_533922,0.44816813,0.16652444
chrII_535051_535340,0.7473638,0.28098205
chrII_539784_540249,0.26637676,0.1262462
chrII_544504_545095,1.9603565,0.2622124
chrII_547597_547784,1.3740243,0.49261087
chrII_564910_565885,0.5814846,0.058092188
chrII_574443_574647,0.2724823,0.2684091
chrII_5748_6440,2.6908555,0.022427024
chrII_576049_576508,2.511533,0.033951167
chrII_582033_582640,0.7348314,0.26847607
chrII_586108_586590,0.27045897,0.2227296
chrII_595099_596177,0.7751407,0.47304705
chrII_60739_61559,1.6781049,0.09748445
chrII_614060_615785,0.8090714,0.047467034
chrII_628205_629016,2.138359,0.68273246
chrII_634788_635109,1.7570329,0.36730957
chrII_636488_636706,0.4170539,0.23819551
chrII_636711_637026,1.5828687,0.043273143
chrII_642500_643213,0.41293603,0.3334034
chrII_650588_651868,0.03212957,0.50780845
chrII_652599_653287,1.4342617,0.041484207
chrII_66448_66652,0.6747631,0.1936544
chrII_668275_669112,2.0585814,0.0769993
chrII_679224_681520,1.1924455,0.19182043
chrII_681949_682244,0.6013567,0.79063964
chrII_691714_692029,1.8273262,0.3737788
chrII_692234_692410,0.21644759,0.052412733
chrII_69537_69799,1.609216,0.45716926
chrII_703665_704061,0.4531322,0.029001812
chrII_707456_708050,0.2204767,1.5877641
chrII_714609_715054,0.40571207,0.18380746
chrII_722579_723431,1.3369627,0.09983906
chrII_727062_727387,1.334622,0.095156364
chrII_728219_728952,0.54807633,0.7275879
chrII_730269_730456,1.600964,0.99755365
chrII_735387_735641,1.4609702,0.86102366
chrII_736014_736345,0.6737497,0.70353276
chrII_738238_738531,1.0396934,0.5100613
chrII_742504_743015,1.3517419,0.15654503
chrII_74474_75447,0.589521,0.44999805
chrII_749116_750045,0.15312722,0.22542474
chrII_757111_757880,0.66883117,0.35541263
chrII_760609_761086,0.92293304,0.07154158
chrII_761248_761487,1.3272233,0.16166712
chrII_763868_764038,0.27582753,0.7802419
chrII_764046_764489,0.0342201,0.16805266
chrII_770537_771485,1.0335815,0.27249137
chrII_773524_773850,1.0931277,0.072034545
chrII_775954_776686,1.2259916,0.84192663
chrII_782282_782717,0.89993244,0.3873245
chrII_783746_784080,1.76234,0.32873896
chrII_784191_784449,1.6845967,0.39668888
chrII_786892_787186,1.6772419,0.8828571
chrII_796815_797364,1.4028422,0.078681305
chrII_80458_80614,1.4485523,0.10770713
chrII_80644_81246,0.49052978,0.08021537
chrII_8314_8626,0.75996774,0.22960192
chrII_84345_84678,2.9258792,2.6903436
chrIV_1011343_1012122,0.3753403,0.037559777
chrIV_1017121_1017377,2.6854308,0.40219095
chrIV_1022298_1023008,1.3742864,0.14137454
chrIV_1024994_1025170,1.3505961,0.10005974
chrIV_1030155_1031014,2.0761027,0.39086923
chrIV_103477_103677,1.5970176,0.17706907
chrIV_1035687_1036027,1.6665024,0.21458922
chrIV_1036832_1037381,1.3095195,0.31791654
chrIV_104636_105349,1.0443777,0.2800452
chrIV_1050166_1050684,0.6399532,0.3851175
chrIV_1054925_1055261,1.9316728,1.5656074
chrIV_1055696_1056858,0.9762712,0.38575792
chrIV_1062854_1063540,0.9214358,0.10713578
chrIV_106504_107347,0.1175225,0.067291096
chrIV_1067538_1067937,0.14922822,0.03967003
chrIV_1071575_1072144,0.79519826,0.23259623
chrIV_1075107_1075831,0.9412037,0.1546007
chrIV_1080310_1081456,1.1843114,0.073817946
chrIV_1084567_1085227,0.9123973,0.22821018
chrIV_1086959_1087605,1.3255286,0.3164735
chrIV_1089883_1090534,1.0381012,0.10299414
chrIV_1092632_1092858,0.41356197,1.1248878
chrIV_1093555_1093934,0.63561684,0.13916536
chrIV_1094904_1095625,1.6211329,0.26251292
chrIV_110320_110625,0.500833,0.45696777
chrIV_1103505_1103915,2.298722,0.2881572
chrIV_1104083_1104332,0.57505983,0.42995176
chrIV_1105787_1106364,0.7904212,0.21641028
chrIV_1107993_1108366,0.4880766,0.34565237
chrIV_1112313_1112739,1.1765686,0.19426401
chrIV_1113959_1114288,1.939612,1.1517556
chrIV_1116861_1117256,0.63176113,0.17413509
chrIV_1125147_1125547,0.4860988,0.5520047
chrIV_1125962_1126496,2.3170507,0.45259994
chrIV_1127487_1128121,1.1392177,0.31040022
chrIV_1129280_1129693,0.73417,0.1860579
chrIV_1135367_1135947,1.6656697,0.53470016
chrIV_1140450_1141073,1.2685746,0.49696243
chrIV_1146129_1146413,1.1077317,0.5542113
chrIV_1150109_1150287,1.098054,0.29883888
chrIV_1161598_1162776,0.4564912,0.120796435
chrIV_1182928_1184732,1.277225,0.019013105
chrIV_1189044_1190260,0.4961884,0.2649694
chrIV_1194960_1195491,0.2923797,0.23365213
chrIV_1197035_1197206,0.7943299,0.060457222
chrIV_1203770_1204025,1.8563764,0.055573247
chrIV_1213465_1214288,0.11876906,0.28282452
chrIV_1215039_1215263,2.1866038,1.7253976
chrIV_1219085_1219560,0.81069416,0.046531513
chrIV_1222356_1222787,1.9773698,0.23646678
chrIV_1226433_1226851,1.6468872,0.36364144
chrIV_1228406_1228673,0.097713,0.82435995
chrIV_1238212_1238439,1.5086584,0.30763096
chrIV_1241635_1241977,0.9014958,0.05035915
chrIV_1249874_1250380,2.399538,0.7177088
chrIV_125035_125657,0.7301098,0.30661988
chrIV_1251124_1252343,0.9714304,0.34594032
chrIV_1258183_1258946,0.4024477,0.14386454
chrIV_1261326_1261827,0.3721913,0.30988258
chrIV_1266582_1267490,0.19410026,0.07859839
chrIV_1269372_1270155,1.506427,0.33629435
chrIV_1271193_1271347,1.4076484,0.24847643
chrIV_1272406_1272629,0.5690602,0.08272755
chrIV_1276534_1276697,2.5367696,0.18685488
chrIV_1277372_1277830,0.61718714,0.26111794
chrIV_1278194_1280216,0.8990151,0.1622957
chrIV_1287918_1288703,0.518012,0.17335927
chrIV_1288710_1289622,0.5302289,0.22759879
chrIV_1293225_1293440,0.44182315,0.26577735
chrIV_1293742_1293931,2.8064961,0.21209598
chrIV_1300904_1301772,1.1843399,1.13611
chrIV_130512_130955,0.481402,0.5408916
chrIV_1311548_1312576,0.54029363,0.101316325
chrIV_1317759_1318336,0.84743094,0.159234
chrIV_1319144_1319720,0.17874587,0.06515626
chrIV_1322083_1322271,1.7297559,0.319849
chrIV_1325331_1325683,1.7668172,0.2928829
chrIV_1333839_1334648,0.57033694,0.7977858
chrIV_1344610_1344889,0.91291636,0.06442696
chrIV_1345116_1346148,0.45461676,0.7346938
chrIV_1349941_1350377,0.50586927,0.18768464
chrIV_1352207_1352650,0.79251176,0.27746066
chrIV_1355649_1356260,1.039474,0.18773594
chrIV_1364400_1364618,0.71897554,0.7166915
chrIV_1364629_1364826,1.313638,0.05573113
chrIV_1365450_1365615,0.27435452,0.11486025
chrIV_1367222_1367740,3.4662008,0.074466385
chrIV_1377417_1378087,0.14897342,0.15051009
chrIV_1378624_1378811,0.67272615,0.23213686
chrIV_1383561_1383937,1.6337513,0.08808104
chrIV_1384671_1385318,1.0432454,0.25456405
chrIV_1385529_1386268,0.50767535,0.6853302
chrIV_1386468_1387079,0.9823117,0.036259018
chrIV_1394702_1395240,1.7498419,0.37260145
chrIV_1402720_1403442,0.6881891,1.2467029
chrIV_1410030_1411719,0.54342425,0.11094336
chrIV_1419872_1421209,0.9868024,0.5852704
chrIV_1429078_1429882,0.40016425,0.050557107
chrIV_1429953_1430128,0.36055014,0.017065767
chrIV_1434015_1434919,1.5260204,0.55036443
chrIV_1436104_1436317,1.5797849,0.13905491
chrIV_1436733_1437105,0.6453856,0.16978611
chrIV_1443538_1444309,1.078388,0.1071106
chrIV_1445260_1446145,1.2513102,0.10677892
chrIV_1450932_1451308,1.3928304,0.062417563
chrIV_1452787_1453327,0.8883911,0.13429163
chrIV_1454448_1455187,1.3508431,0.3730782
chrIV_145465_145874,1.0561132,0.7352274
chrIV_1459420_1460444,0.26600945,0.034685154
chrIV_1461512_1462220,1.7081413,0.76359105
chrIV_1468551_1469727,3.714338,0.05998961
chrIV_1470112_1470269,1.4510379,0.16534081
chrIV_1470650_1471056,2.9152167,0.12889752
chrIV_147479_148412,1.4767329,0.36680782
chrIV_1476187_1476478,0.8928486,0.34741408
chrIV_1476592_1477322,0.8705379,0.21403591
chrIV_1478260_1478664,1.4740685,0.8617709
chrIV_1480269_1480593,0.7869357,0.19054656
chrIV_148506_148822,0.9857777,0.17355187
chrIV_1489904_1491263,0.20085697,0.17545146
chrIV_149292_149645,0.15192139,0.038524993
chrIV_1496576_1497213,0.59497565,0.47362843
chrIV_149670_149905,1.1207056,0.2575258
chrIV_155904_156608,0.4057879,0.26788285
chrIV_158018_158359,2.0133913,0.008209969
chrIV_159314_159925,0.19231272,0.38646764
chrIV_165169_165453,0.7352932,0.12869908
chrIV_167151_167314,0.82845324,0.36612394
chrIV_167331_167843,0.6765461,0.15610023
chrIV_172249_172865,1.9148257,0.37765163
chrIV_175599_175870,0.90751284,0.08694873
chrIV_176244_176767,2.1260717,0.07609212
chrIV_184736_185147,0.28561902,0.45801413
chrIV_18986_19491,0.42775998,0.07547598
chrIV_190652_191016,1.6009756,0.41962373
chrIV_192026_192920,0.7039987,0.4695455
chrIV_198445_198915,0.43687108,0.10470696
chrIV_198943_199256,0.32021713,0.64584976
chrIV_199291_199477,1.5495008,0.38037118
chrIV_199483_200196,0.075286545,0.109581016
chrIV_204981_205149,0.41159832,0.6155139
chrIV_205466_206123,0.42844695,0.102390856
chrIV_211140_211584,0.7144055,0.34050485
chrIV_226992_227417,0.67651206,0.14426881
chrIV_230705_231168,1.1245015,0.241507
chrIV_239536_240360,2.2117877,0.2948628
chrIV_241228_241602,2.975453,0.17117257
chrIV_241628_242235,1.0134795,0.08368927
chrIV_245675_246269,0.6162015,0.37304932
chrIV_246728_246878,0.9422954,0.43989274
chrIV_247536_248322,0.29416898,0.31324136
chrIV_256348_256617,0.07890969,0.42826277
chrIV_258364_258948,0.37265614,0.058701664
chrIV_263992_265637,0.4498903,0.15681867
chrIV_272002_272535,1.0541974,0.88412803
chrIV_285244_285421,0.6161661,0.17033553
chrIV_286677_287307,1.8868724,0.21109359
chrIV_292568_293016,2.092866,0.32786876
chrIV_294931_295095,0.8259193,0.36609372
chrIV_296266_296744,2.1055405,0.21482521
chrIV_301702_302274,0.7215851,0.362018
chrIV_302786_303344,0.2114638,0.80503047
chrIV_307898_308457,2.4736645,0.43461278
chrIV_312780_313087,1.589694,0.25608528
chrIV_314825_315876,0.89982814,0.16012673
chrIV_32102_32330,1.8132055,0.21276228
chrIV_321511_322345,2.0573409,0.19586912
chrIV_329760_330150,0.63835377,0.6335826
chrIV_330409_331200,2.3358085,0.7241913
chrIV_34155_34462,1.2411698,0.49565127
chrIV_344571_345744,1.4104022,0.48731756
chrIV_351238_351611,0.69762063,0.41924575
chrIV_351979_352642,1.1871134,0.2221525
chrIV_35313_35505,0.37478617,0.087441586
chrIV_36564_37067,0.34494296,0.15990673
chrIV_366219_366994,2.0977135,0.041139357
chrIV_371066_371314,1.1564955,0.17966531
chrIV_378092_378783,0.654162,0.17119412
chrIV_382003_382154,1.5463355,0.32523307
chrIV_387099_387843,0.32994384,0.28545886
chrIV_392111_393811,0.60118616,0.053328622
chrIV_399004_399706,0.3713262,0.03687085
chrIV_42346_43260,0.2516269,0.14204717
chrIV_431365_432434,0.7252809,0.32065195
chrIV_433372_433610,1.1101533,0.09399563
chrIV_43586_44032,0.48870993,0.73262566
chrIV_437801_438133,0.5977363,0.15953505
chrIV_454996_455394,1.1178755,0.21666256
chrIV_461341_462083,1.415199,0.10464628
chrIV_462386_462722,0.92645305,0.22047131
chrIV_46351_46568,1.6680392,0.1414946
chrIV_464938_465860,0.23880513,0.110898905
chrIV_471311_471944,1.4520506,0.32733437
chrIV_47932_48083,1.1430382,0.67278796
chrIV_485364_485822,0.9097799,0.2415749
chrIV_485862_486027,2.3980744,0.18002981
chrIV_488525_489464,1.1632677,0.90871984
chrIV_490950_491574,0.070403814,0.040961195
chrIV_497430_497948,0.73441863,0.083301306
chrIV_501399_502014,0.6706525,0.04939713
chrIV_509616_509808,1.0882666,0.04023367
chrIV_52062_52475,1.2246016,0.26339585
chrIV_520892_521912,2.1408536,0.4778407
chrIV_524667_525456,1.2106582,0.6054146
chrIV_526987_527294,1.400195,0.092875645
chrIV_527313_527649,1.3035175,0.5169456
chrIV_538306_539966,0.19910045,0.09826906
chrIV_556491_557264,0.50097996,0.22021925
chrIV_562507_563632,0.46754184,0.31538543
chrIV_568783_569670,1.5714288,0.02941792
chrIV_569789_570601,2.8325753,1.3079675
chrIV_573900_574212,0.90255237,0.3678343
chrIV_575755_576331,0.34934974,0.74065
chrIV_579173_579516,0.82045937,0.17938653
chrIV_599835_602433,1.1326029,0.19523251
chrIV_60915_61771,0.8623066,1.2126774
chrIV_610204_610605,0.67043954,0.3217163
chrIV_614132_614326,2.5187855,0.43924308
chrIV_61976_63039,1.8481795,0.081283554
chrIV_621172_622161,0.60161334,0.16167857
chrIV_623270_623441,0.8779552,0.0952427
chrIV_629624_630270,2.6614637,0.18244104
chrIV_630470_631094,1.1935916,0.45295724
chrIV_635639_637088,1.2644291,0.05332165
chrIV_643838_645458,0.53787047,0.17957155
chrIV_654692_655520,0.13653125,0.17727312
chrIV_657606_658395,1.4637054,1.4714444
chrIV_661125_661392,2.209937,0.14329402
chrIV_666645_666833,0.71581215,1.0184702
chrIV_666915_667208,0.86379004,0.22723678
chrIV_667470_668199,0.9648928,0.0374867
chrIV_675718_676340,1.1883252,0.20688607
chrIV_679723_680706,0.4021018,0.08779035
chrIV_681807_682252,1.194794,0.31236854
chrIV_685777_685945,0.6523956,0.31886396
chrIV_687625_688190,0.44707468,0.08724473
chrIV_68808_69081,0.7305285,0.14699313
chrIV_690356_691024,1.136808,0.29157174
chrIV_694157_694568,1.402961,0.7569329
chrIV_703722_704554,1.814648,0.30214345
chrIV_709221_709871,0.6957719,0.049651254
chrIV_71107_71276,2.816642,1.4153725
chrIV_712783_713419,0.9339976,0.059208486
chrIV_716542_716888,1.7506979,0.07547759
chrIV_721512_723276,1.2864218,0.032572083
chrIV_727517_728444,1.9160056,0.15421711
chrIV_730241_730650,2.9645534,0.42254195
chrIV_734031_734330,0.40546742,0.37620297
chrIV_74071_74918,1.2923316,0.018964116
chrIV_741663_742383,0.14793415,0.22868375
chrIV_742523_742676,1.3664832,0.5704472
chrIV_746318_746764,1.7582998,0.36866572
chrIV_750963_751901,0.23501755,0.20484258
chrIV_754359_754791,0.18266998,0.058547255
chrIV_754925_755821,0.5877468,0.20761023
chrIV_765191_765745,1.4797887,0.28048438
chrIV_76795_77324,1.55796,0.3321704
chrIV_768245_770332,0.28072503,0.08015788
chrIV_775670_776102,0.24103683,0.15248789
chrIV_781258_781807,0.72613466,0.54563046
chrIV_787356_787669,2.1412365,0.6736293
chrIV_790095_790411,0.7502128,0.419891
chrIV_806052_807213,0.63271177,0.11740682
chrIV_807287_807448,0.937685,0.32950383
chrIV_807567_808471,1.2277559,0.273155
chrIV_811566_812368,0.4319072,0.15297148
chrIV_814171_814584,2.4358237,0.015895028
chrIV_816607_816920,1.6896223,1.2439381
chrIV_817489_818330,0.858577,0.08019125
chrIV_827450_827711,0.7631523,0.4306923
chrIV_829509_829800,0.32236055,0.0339967
chrIV_835437_836993,0.1914398,0.07463698
chrIV_842094_842378,1.1690865,0.10617624
chrIV_847983_848623,2.0296104,0.18655254
chrIV_850929_851301,1.1455219,0.57403237
chrIV_856012_856482,0.96439254,0.10386548
chrIV_858206_858556,0.8760535,0.06826147
chrIV_858837_859022,2.4666648,0.72435904
chrIV_859057_859568,0.48869312,0.024063936
chrIV_861264_861833,0.32145634,0.081108555
chrIV_86138_86293,0.77956647,0.4702283
chrIV_866715_868395,1.5489372,0.1619336
chrIV_870652_871316,0.4121042,0.14932382
chrIV_87285_87583,1.132311,0.1860788
chrIV_88138_88310,0.35593155,0.28013057
chrIV_884142_885189,1.6435425,0.26365483
chrIV_887096_887298,0.69850653,1.4529774
chrIV_892273_892722,0.44624075,0.3636263
chrIV_893628_894700,0.36667356,0.14515181
chrIV_89974_90270,2.037536,0.87595206
chrIV_907136_907390,0.49558684,0.520937
chrIV_909237_909924,1.428752,0.21558562
chrIV_914545_916037,1.5268734,0.22592926
chrIV_916064_916649,0.7906388,0.8831218
chrIV_926293_927404,0.1889664,0.33209845
chrIV_927542_927721,0.81741697,0.12525411
chrIV_940909_941525,2.0966225,0.27826473
chrIV_946290_946928,0.41607448,0.44043267
chrIV_954160_954340,0.92389244,0.49818987
chrIV_954801_955774,0.5166124,0.6316421
chrIV_964788_965317,0.86414295,0.13338324
chrIV_974316_974791,1.2603472,0.5870614
chrIV_976167_977549,0.20852728,0.553698
chrIV_98038_98562,2.863419,0.14352891
chrIV_992572_993413,1.8471366,0.43670005
chrIV_998330_998972,0.43354195,0.6106118
chrIX_102351_102930,2.2935355,0.3050387
chrIX_113224_113829,1.7410588,0.57857066
chrIX_117704_118185,1.3570186,0.6792992
chrIX_126030_126229,0.9491481,0.07731164
chrIX_131734_132393,1.1763068,0.721833
chrIX_142539_143202,0.82604074,0.19052811
chrIX_148937_149174,0.7822627,0.11945268
chrIX_149783_150793,0.3595883,0.21495093
chrIX_151353_151681,1.104005,0.41731632
chrIX_154802_155278,0.82074106,1.4262172
chrIX_159985_160918,0.52625847,0.6361686
chrIX_161013_161334,1.0363241,0.041112367
chrIX_165856_166433,0.60882354,1.3466007
chrIX_169724_170199,1.9323202,0.98549795
chrIX_175014_175700,0.3781592,0.08155258
chrIX_177059_178466,0.05320822,0.074129716
chrIX_187949_188188,0.67439216,0.12995186
chrIX_189039_189293,0.36416304,0.10425034
chrIX_193323_193684,0.45176145,0.6701891
chrIX_197565_198151,1.1307248,0.68190795
chrIX_199355_200173,0.9752826,0.029935721
chrIX_203598_203884,0.8614687,0.07614056
chrIX_23716_23863,1.4551536,0.71271634
chrIX_23892_24112,0.868848,0.3464926
chrIX_24127_24438,1.3541235,0.13798347
chrIX_24585_24741,1.3254106,0.21431024
chrIX_316351_316799,0.98375404,0.31206155
chrIX_332608_333674,0.2267786,0.024129316
chrIX_343771_344317,0.88400817,0.50239694
chrIX_355406_355740,0.924451,0.29811883
chrIX_360542_361098,1.4815089,0.4383863
chrIX_36132_37243,0.54996747,0.15504844
chrIX_365550_366361,0.9567443,0.14643309
chrIX_369847_370765,1.0983707,0.27493337
chrIX_382138_382913,0.94793785,0.025819404
chrIX_383819_384003,0.54360795,0.39077586
chrIX_384075_384638,0.6667072,0.35240194
chrIX_399441_399853,0.38480058,0.3006202
chrIX_403551_403811,0.79548675,0.19634743
chrIX_406702_406855,3.7627082,0.30129322
chrIX_414722_416188,0.70935917,0.21370058
chrIX_41581_41981,1.3954123,0.45497492
chrIX_421939_422502,1.5548841,0.7989003
chrIX_45913_46210,1.3021796,0.31858137
chrIX_47639_48204,0.5170005,0.33077368
chrIX_53274_55113,0.09012515,0.01899501
chrIX_55237_56031,0.44250116,0.20643607
chrIX_56294_56447,0.65046144,0.08002211
chrIX_56526_56951,0.31087282,0.9990028
chrIX_62668_63558,0.8744866,0.19154143
chrIX_76043_76572,4.591106,0.4128969
chrIX_77216_78114,1.2969118,0.13359219
chrIX_83041_83509,0.5779088,0.049876165
chrIX_84711_85418,0.24531068,0.08795459
chrIX_93239_94526,0.19102511,0.27004448
chrIX_99429_100134,1.7704551,0.25432676
chrI_101467_101709,0.7876946,0.77431494
chrI_106366_106599,1.114756,0.1980286
chrI_108519_109156,0.078886084,0.9264261
chrI_113276_115056,0.15124418,0.053507864
chrI_124633_124947,0.779945,0.48365316
chrI_130165_130666,1.1724808,0.14143445
chrI_130930_131227,1.1832398,0.52710676
chrI_131742_132274,1.2926172,0.1523478
chrI_13526_13677,0.8070196,0.04241982
chrI_141343_142282,0.5906321,0.4887118
chrI_143455_143675,1.6353583,0.11462353
chrI_147303_147575,0.82372874,0.14536352
chrI_155214_155378,1.4752002,0.322994
chrI_158611_159123,1.039763,0.3979883
chrI_159585_160329,0.38528147,0.51252335
chrI_165993_166997,1.5436693,0.07251012
chrI_168988_169605,1.4611903,0.14672902
chrI_189822_192579,0.51092625,0.036464788
chrI_20475_21715,1.5800914,0.45341086
chrI_222742_223368,1.7876445,0.77860624
chrI_31745_31895,1.3070105,0.6688935
chrI_32572_33373,0.94670844,0.02661913
chrI_33764_35133,0.23835087,0.09990847
chrI_43234_43707,1.2539839,0.11919282
chrI_45126_46111,0.5954846,0.03605134
chrI_48256_48798,1.894195,0.071674496
chrI_57669_57984,1.7348146,0.0133588435
chrI_58189_58927,0.19798355,0.21383172
chrI_61170_61611,1.2792511,0.15736529
chrI_62199_63028,0.3920392,0.057538327
chrI_68009_69299,2.2908518,0.15023416
chrI_69396_69947,0.31202593,0.07861846
chrI_76288_76477,0.37737074,0.21070696
chrI_80972_81188,1.6498643,0.7252183
chrI_83496_83846,1.1446786,0.14921473
chrI_87159_87548,0.96268725,1.0800762
chrI_92406_93172,1.8177832,0.23707353
chrI_93182_93330,0.7347122,0.22247428
chrI_93478_93855,1.6079937,0.38624138
chrI_95414_95577,2.0333116,0.27353305
chrVIII_103837_104281,2.4418154,0.39499024
chrVIII_121943_122968,1.0349655,0.4403394
chrVIII_134126_134623,1.3930372,0.18335374
chrVIII_137215_137507,0.9806797,0.26962435
chrVIII_138563_138734,2.802302,0.14137964
chrVIII_148720_149281,1.9996861,0.1705095
chrVIII_150718_151807,0.9036448,0.24199899
chrVIII_159081_159696,1.185392,0.16395795
chrVIII_160080_160898,1.5531695,0.06082455
chrVIII_161338_161519,2.6061761,0.3342011
chrVIII_164903_165200,1.4352882,0.073003374
chrVIII_16722_18729,1.2798506,0.1149404
chrVIII_168572_169121,0.91448665,0.29978538
chrVIII_174613_175566,1.3116356,0.18113922
chrVIII_175700_175967,1.6529704,0.2845204
chrVIII_176043_176264,0.719526,0.23616835
chrVIII_181582_182199,0.05061798,0.10883581
chrVIII_182244_182478,0.22590108,0.0939621
chrVIII_187609_187989,1.3632892,0.9811692
chrVIII_189242_190848,0.13812166,0.22090846
chrVIII_190938_191165,0.6224682,0.3215323
chrVIII_204360_204695,0.64023066,0.10228781
chrVIII_206052_206404,1.0225458,0.18657237
chrVIII_206989_207197,0.64025056,0.12589905
chrVIII_209004_209745,0.24666436,0.3353229
chrVIII_214157_214520,0.54194415,0.49105576
chrVIII_217462_218693,1.0908339,0.17245476
chrVIII_218889_219280,0.84598494,0.19265729
chrVIII_222708_223306,0.43097845,0.03598508
chrVIII_225329_225582,1.1869235,0.2822998
chrVIII_227096_227601,0.70277894,0.12772669
chrVIII_230869_231163,1.0344317,0.1183147
chrVIII_235808_236805,0.87715375,0.058827803
chrVIII_237432_238159,0.5240543,0.5639888
chrVIII_245836_246349,1.9014493,0.15806775
chrVIII_248709_248984,1.6359001,0.5970323
chrVIII_249597_250140,1.0057501,0.16989926
chrVIII_25550_26523,1.8805025,0.01972577
chrVIII_255697_256745,1.391325,0.14056084
chrVIII_261837_262249,0.59787244,0.15960947
chrVIII_262692_262872,1.4127727,0.0700658
chrVIII_26631_27124,0.51781917,0.08292569
chrVIII_266610_266794,0.9303348,0.33494544
chrVIII_266956_267577,0.687313,0.24112359
chrVIII_271960_273106,1.3446392,0.17032796
chrVIII_273423_273900,0.40808085,0.074869625
chrVIII_27407_27806,0.72911364,0.4681838
chrVIII_280080_281464,1.4895552,0.14559917
chrVIII_28019_28229,0.49755403,0.2571744
chrVIII_289139_290033,0.4615058,0.033173177
chrVIII_296789_297411,0.41607448,0.44043267
chrVIII_298760_299291,1.2164645,0.8958863
chrVIII_301875_302719,1.7669041,0.27283812
chrVIII_313560_313719,1.7461456,0.19320238
chrVIII_314663_314957,1.7570329,0.36730957
chrVIII_323194_323487,3.0593526,1.1546326
chrVIII_325274_325660,0.20608622,0.06420998
chrVIII_332191_332536,1.14074,0.303086
chrVIII_332728_333446,1.3006403,1.6323036
chrVIII_339657_339815,0.34971,0.94133997
chrVIII_340975_342598,0.0792599,0.020700913
chrVIII_352392_352835,1.983756,0.39955306
chrVIII_353452_353801,0.5593061,0.07092813
chrVIII_358197_358752,0.7896114,0.2775128
chrVIII_36408_36596,0.91522235,0.13737227
chrVIII_36841_37337,1.1021019,0.08556516
chrVIII_370269_370421,0.7567571,0.3805916
chrVIII_374459_375674,2.026375,0.12500235
chrVIII_38433_39550,0.29825717,0.22983126
chrVIII_389884_390387,2.033487,0.18682963
chrVIII_393273_393600,0.7937134,1.761621
chrVIII_396833_397414,0.24469782,0.19387573
chrVIII_397530_397837,0.6674303,0.12893191
chrVIII_39910_40113,0.34658128,0.17568597
chrVIII_402793_403019,0.70996416,0.32672036
chrVIII_406769_407382,1.1029727,0.5946576
chrVIII_411641_411803,0.76214856,0.8354923
chrVIII_411952_412240,0.63308334,0.08203661
chrVIII_417366_417724,0.32671413,0.08007798
chrVIII_423176_424122,0.48721042,0.3210963
chrVIII_429264_429932,0.27878392,0.07850253
chrVIII_430025_430300,0.9312754,0.21719633
chrVIII_436786_437734,0.72336984,0.026347818
chrVIII_443228_443393,1.5674182,0.09033534
chrVIII_450586_451410,0.22985125,0.081605345
chrVIII_452633_453092,0.74153715,0.6941894
chrVIII_459130_459395,1.9067161,0.22726004
chrVIII_461513_462468,0.648378,0.3246414
chrVIII_465564_465755,0.59243727,0.47593635
chrVIII_470339_470988,1.3499362,0.11830116
chrVIII_48030_48848,0.55212003,0.06694061
chrVIII_480836_481084,0.82325584,0.06958181
chrVIII_483959_484878,0.8561516,0.060622938
chrVIII_488406_488859,2.7198088,0.65637386
chrVIII_489239_489402,0.6938933,0.07392203
chrVIII_489774_490068,0.7568866,1.3978664
chrVIII_490091_490736,0.9073756,0.73171186
chrVIII_491700_491973,1.7104797,0.11931686
chrVIII_497082_497655,1.2865657,0.37494957
chrVIII_497914_499378,1.0214453,0.06633125
chrVIII_54537_56429,0.09245082,0.38197252
chrVIII_64807_65098,1.9096953,0.14055406
chrVIII_65709_66726,0.3274621,0.07833359
chrVIII_67501_68167,1.2612288,0.0659635
chrVIII_74917_75476,1.2361298,0.48602763
chrVIII_81791_82237,0.23697376,0.77189666
chrVIII_82757_82917,0.988628,0.15979019
chrVIII_83077_83312,1.3365864,0.10505064
chrVIII_83650_84405,1.9454579,0.012366344
chrVIII_84754_85423,1.8520427,0.1899176
chrVIII_92380_93026,1.409938,0.18300204
chrVIII_97846_99220,0.99801123,0.038802642
chrVII_1001918_1002140,1.0684032,0.8159493
chrVII_1002287_1002705,0.27677682,0.25251386
chrVII_1009776_1009963,1.7519349,0.012366526
chrVII_1011744_1012535,1.8534764,0.19142286
chrVII_101884_102406,0.3748226,0.08615954
chrVII_1025759_1027458,0.77373636,0.032712433
chrVII_1031591_1031900,1.0568869,0.32639176
chrVII_1043058_1043507,0.54750514,0.2337634
chrVII_1045557_1046115,2.4946027,0.16435713
chrVII_1051876_1052967,0.71357626,0.22669877
chrVII_1058830_1059225,0.7082537,0.5735942
chrVII_1061577_1062097,0.78032124,0.15471445
chrVII_1069864_1070457,0.2136612,0.18319176
chrVII_110331_110911,0.4302225,0.23552847
chrVII_115279_116319,0.80370295,0.15836668
chrVII_122018_122754,0.36958462,0.6799537
chrVII_123042_124790,1.8096843,0.032843508
chrVII_129390_130183,0.52997905,0.07834034
chrVII_130947_131547,0.30281928,0.10091614
chrVII_141857_142432,0.88035345,0.04338924
chrVII_144184_144976,1.4408027,0.38587135
chrVII_152954_153313,1.5722278,0.494733
chrVII_156205_156638,0.77404284,0.17502286
chrVII_158908_159860,1.8373036,0.06817468
chrVII_167466_167803,3.433624,0.3665884
chrVII_172824_172978,1.1450863,0.26561785
chrVII_174212_174371,0.17113115,0.11407393
chrVII_175833_176022,1.1978768,0.5820895
chrVII_180316_180955,1.4027166,0.3534238
chrVII_185538_186203,1.7326894,0.44014764
chrVII_190289_190652,2.1274252,0.12443097
chrVII_190663_192012,1.0601428,0.036985524
chrVII_217149_217575,1.2141799,0.33512378
chrVII_220891_221044,0.70825964,0.3058844
chrVII_225608_226646,1.418355,0.0201057
chrVII_228474_228983,0.54681754,0.13433039
chrVII_229437_230240,0.9655522,0.13601674
chrVII_23004_23928,0.9262586,0.21553083
chrVII_234613_234939,0.617461,0.07972333
chrVII_235846_236191,1.0761502,0.07401876
chrVII_244907_245500,2.659821,0.45706132
chrVII_249644_249976,0.8716236,0.13662753
chrVII_25199_25354,0.5903248,0.21922149
chrVII_265984_266151,1.6936586,0.18642871
chrVII_270976_272529,1.318628,0.038508546
chrVII_272629_273310,0.36447388,0.13910285
chrVII_277024_277654,1.016582,0.53945476
chrVII_280596_281025,0.4929587,0.10736339
chrVII_287870_288104,1.8865507,0.20650443
chrVII_288113_288439,1.011999,0.028270926
chrVII_303698_303861,0.8780211,0.41846102
chrVII_306246_306989,0.718243,0.0747398
chrVII_307262_307505,1.6424805,0.45425853
chrVII_316633_317389,0.9090728,0.28455496
chrVII_31693_32138,1.1342534,0.3866063
chrVII_321589_321846,0.4075826,0.4751216
chrVII_322986_323271,0.7472897,0.56240994
chrVII_325536_326017,0.6522651,0.2151969
chrVII_328514_329218,0.9403249,0.24482477
chrVII_330674_331226,1.7099415,0.2887814
chrVII_334689_335060,1.2526828,0.0751799
chrVII_342632_343574,0.23615207,0.0754635
chrVII_345655_347321,0.75273544,0.120717384
chrVII_35050_35934,1.412809,0.059153862
chrVII_352207_353053,1.2641634,0.80687934
chrVII_355648_355842,1.4828807,0.2523508
chrVII_355949_356138,1.5535994,0.03722646
chrVII_358343_358888,0.24520704,0.1531338
chrVII_36610_37158,0.37327334,0.12602697
chrVII_368188_368970,2.7057743,0.08825336
chrVII_370847_371821,1.5595491,0.0434466
chrVII_374952_375291,1.3194032,0.17081447
chrVII_383926_385263,1.2321222,0.19217202
chrVII_393621_394144,0.3943903,0.23898703
chrVII_405430_406180,0.3877185,0.043039534
chrVII_412007_412534,1.924535,0.61319077
chrVII_426978_427759,1.0668025,0.039118722
chrVII_427979_428688,1.6009756,0.41962373
chrVII_432884_434197,0.6101345,0.18969215
chrVII_43337_43497,0.49311858,0.43866402
chrVII_443310_443844,0.7029414,0.022374758
chrVII_451982_452472,1.3300778,0.37260985
chrVII_45293_45488,1.2292016,1.2760574
chrVII_457993_458478,1.8594033,0.3632894
chrVII_459575_459904,0.56487465,0.06003669
chrVII_472067_473280,0.15837297,0.16769423
chrVII_475228_475693,1.0916477,0.5286442
chrVII_483120_484881,0.86126316,0.55172116
chrVII_48349_48678,0.37708682,0.11944447
chrVII_49390_49664,1.1202114,0.75552756
chrVII_494578_494732,0.13817553,0.8957625
chrVII_499867_500192,0.756205,0.08577096
chrVII_506850_507086,0.56165826,0.6493397
chrVII_513023_513216,1.1346545,1.1546867
chrVII_515981_516736,2.1651704,1.2495643
chrVII_521919_522105,0.7689506,0.266354
chrVII_522115_522290,2.3984077,0.14274243
chrVII_525531_526070,0.16158092,0.5062116
chrVII_528283_529166,0.9317941,0.05507677
chrVII_532694_532952,1.1845431,0.15238926
chrVII_533678_533983,0.24012272,2.4387915
chrVII_53731_54027,0.61245996,0.22301179
chrVII_546645_548032,0.18851888,0.326444
chrVII_548147_548527,0.5971677,0.020536365
chrVII_55665_56829,0.21888556,0.06037336
chrVII_559929_560753,0.9517122,1.0850104
chrVII_561194_561974,2.1565905,0.48618007
chrVII_574347_575438,0.30615968,0.26470417
chrVII_576429_577125,1.3954816,0.21659583
chrVII_583633_583790,1.362902,0.118139155
chrVII_584038_584849,1.2533802,0.46136287
chrVII_58454_58807,0.55819106,0.06403817
chrVII_58817_59154,1.0703214,0.54297596
chrVII_591594_593333,0.43319848,0.124447346
chrVII_598642_599664,1.4137192,0.040699493
chrVII_600723_601745,0.27841645,0.069355115
chrVII_616044_616673,0.39779478,0.15389895
chrVII_617738_618148,1.3458638,0.44838578
chrVII_624717_624864,1.0779914,0.26537183
chrVII_624870_626196,0.79938346,0.16494079
chrVII_640456_640990,1.6351907,0.11684474
chrVII_641930_642077,1.9226986,0.23831587
chrVII_643852_644207,0.90617275,0.031583216
chrVII_650727_651746,1.9486651,0.09871748
chrVII_654012_654701,1.1562465,0.14782901
chrVII_66639_66824,1.3047057,0.5048133
chrVII_667710_668283,2.2730322,0.04131602
chrVII_66831_67841,1.2256376,0.13650459
chrVII_671989_672308,0.60328823,1.3346941
chrVII_676652_678890,0.39121002,0.44467506
chrVII_681192_681369,0.3873201,0.10663597
chrVII_687686_688105,0.5947877,0.44845346
chrVII_689904_690236,0.96786535,0.9429636
chrVII_69304_69681,1.299346,0.23330481
chrVII_693170_693444,1.1307747,0.61816436
chrVII_695052_695403,0.63293546,0.23126084
chrVII_702706_703469,0.8560422,0.15094288
chrVII_713317_714075,0.5145485,0.48519322
chrVII_718397_719010,0.39531568,1.5701517
chrVII_719512_719746,1.7643092,0.13212019
chrVII_719829_720424,2.3919365,0.32003382
chrVII_731578_732282,0.5072323,0.04415605
chrVII_732461_733105,2.2196877,0.049674407
chrVII_73251_73490,0.83888817,0.34335905
chrVII_733250_734040,2.3219507,0.034340657
chrVII_745194_745814,2.1361563,0.96703666
chrVII_750856_751012,1.6233785,0.08983063
chrVII_756587_757125,0.8356682,0.16080958
chrVII_761045_761427,0.59370476,0.33723575
chrVII_76629_76982,0.90099895,0.8474878
chrVII_770407_770627,0.72929716,0.9205089
chrVII_771825_772500,0.9650014,0.29147938
chrVII_780551_780916,2.083241,0.15895091
chrVII_785248_786459,1.5843593,0.07626376
chrVII_79085_79334,0.57774895,0.14347184
chrVII_797956_798658,1.0233527,0.50116557
chrVII_801415_802356,1.4215121,0.31208715
chrVII_808699_809143,2.9922526,0.423524
chrVII_809236_811362,1.665668,1.4355154
chrVII_81240_81633,0.46255112,1.4706047
chrVII_823481_824519,0.73376125,0.49862352
chrVII_828427_829129,0.6714944,0.19079745
chrVII_832272_832595,0.7138596,0.20803826
chrVII_834576_834978,0.36793646,0.2721542
chrVII_836797_837219,0.33160654,0.11999574
chrVII_840049_840680,1.6149514,0.092755
chrVII_845472_846073,0.822717,0.36831492
chrVII_848113_849151,0.18555944,0.15316504
chrVII_851048_851445,1.5551263,0.18964738
chrVII_858376_858638,1.4682485,0.14593141
chrVII_859413_859904,0.56325835,0.41512394
chrVII_865686_866565,0.69379956,0.6011602
chrVII_867523_867964,1.6349254,0.38549635
chrVII_87082_87489,0.92555684,0.4332837
chrVII_883587_884710,0.84077567,0.94366556
chrVII_892299_892690,1.2300595,0.05394844
chrVII_893907_894880,0.7654305,0.03352751
chrVII_897288_897671,1.1270473,0.17524251
chrVII_904834_906118,0.95912296,0.048915975
chrVII_913367_913690,1.3371701,0.39997017
chrVII_914461_915450,1.7682384,0.06207442
chrVII_919549_920732,1.1203836,0.3304893
chrVII_921984_922349,1.0315523,0.3938167
chrVII_930583_930865,1.2202308,0.08151316
chrVII_93531_93868,0.8711951,0.1193041
chrVII_936859_937308,0.18600762,0.2949311
chrVII_939741_940147,1.565853,0.2709915
chrVII_951234_952226,0.61422366,0.10193242
chrVII_953417_954050,0.5206582,0.51129097
chrVII_968572_969792,0.48311603,0.12016902
chrVII_974911_975124,1.5021462,0.20528969
chrVII_976623_977491,0.12932655,0.12213964
chrVII_977622_978516,0.89128834,0.24858287
chrVII_98250_98435,0.35321414,0.22778505
chrVII_986533_987934,0.92056227,0.18727013
chrVII_999976_1001008,0.6761427,0.48586664
chrVI_101379_101679,0.7155519,0.26695576
chrVI_105337_105573,0.2054472,0.48257184
chrVI_106190_107171,0.59915435,0.1188573
chrVI_108401_108578,1.1818168,0.23062865
chrVI_115217_116174,1.5816822,0.47158757
chrVI_119098_119597,0.48727584,0.09594185
chrVI_123026_123467,0.5296623,0.21403725
chrVI_129806_130436,0.59431076,0.11583686
chrVI_131441_131868,2.0404747,0.8907281
chrVI_135825_136324,0.9728446,0.10431806
chrVI_136859_137036,1.2690166,0.18983321
chrVI_137130_138144,1.5179821,0.19156973
chrVI_146442_146721,0.3382669,1.502481
chrVI_146966_147523,0.41974574,0.105126224
chrVI_147651_147827,1.017284,0.102540046
chrVI_149864_150033,0.18783386,0.23305124
chrVI_153246_153499,0.19655836,0.18982679
chrVI_156003_156367,0.9029688,0.285959
chrVI_159234_159449,0.8402349,0.4753587
chrVI_160238_160517,1.468845,0.50640124
chrVI_164713_165025,0.68627596,0.80046505
chrVI_16508_17101,1.566496,0.17456517
chrVI_167211_167648,1.0757669,0.18282515
chrVI_173527_174727,1.1976352,0.045177914
chrVI_174777_175208,0.7533054,0.88191015
chrVI_176433_177286,0.4151847,0.6684282
chrVI_182339_184780,0.7113975,0.0061141322
chrVI_196262_196843,2.1170506,0.19066747
chrVI_203467_204262,1.1004115,0.8313284
chrVI_204631_205182,0.95650136,0.22390632
chrVI_210054_211124,1.8739159,0.016504236
chrVI_212996_213389,1.7540369,0.34672454
chrVI_22145_22415,1.6877255,0.34698787
chrVI_224836_225790,0.35247308,0.10766916
chrVI_225877_226927,1.7271193,0.23119208
chrVI_249838_250145,1.7722247,0.25697964
chrVI_253732_253965,0.88057846,0.17574193
chrVI_27508_28426,0.8235824,0.31404147
chrVI_40231_40555,0.44749582,0.1373311
chrVI_45214_45574,0.07414897,0.38007748
chrVI_45585_45794,2.1222813,0.6474679
chrVI_54271_55910,0.15449251,0.111652955
chrVI_56083_56411,1.0938754,0.058735937
chrVI_64682_64835,0.87478596,0.8264787
chrVI_65045_65690,0.63702387,0.24363999
chrVI_69397_69896,1.8865253,0.07763489
chrVI_74592_75292,1.5734245,0.0576987
chrVI_82056_82670,1.7075511,0.10090337
chrVI_89387_89696,0.93204606,0.35913762
chrVI_90268_91080,0.64049643,1.0143944
chrVI_95124_96465,0.44524607,0.11984142
chrV_123029_124048,0.25225705,0.082611874
chrV_124446_124610,2.3511384,0.16322267
chrV_124622_124858,0.45582604,0.045833137
chrV_128432_128688,2.4743044,0.042720944
chrV_132571_133191,0.79312253,0.32317674
chrV_134535_134747,0.93452454,0.15102397
chrV_135101_135532,0.61105585,0.40493828
chrV_140434_141800,1.498044,0.3275128
chrV_152254_153594,0.49868223,0.7287092
chrV_15855_16528,0.38259944,0.23082978
chrV_159196_159830,0.3164851,0.38209692
chrV_159890_160532,1.3886713,0.14977902
chrV_162361_162771,0.75596553,0.71472704
chrV_166458_166640,0.24373868,0.2600605
chrV_16645_16879,0.9803947,0.04989538
chrV_166976_167434,0.7973041,1.5559269
chrV_167516_168094,0.693352,0.48095942
chrV_171791_172141,1.1443987,0.3066036
chrV_177072_177879,1.4058915,0.3909711
chrV_178199_178884,0.9955473,0.18968455
chrV_191949_192699,1.1382992,0.03379586
chrV_193300_193560,0.4100472,0.49103394
chrV_194026_194307,0.66050756,0.02451805
chrV_194787_195344,1.3121341,0.059293926
chrV_204882_205273,0.99456656,0.3207766
chrV_207455_207716,1.4429059,0.40931076
chrV_208553_208993,2.2688684,0.23120351
chrV_211556_212586,0.35773867,0.027405992
chrV_214764_215251,0.3629169,0.28957775
chrV_221363_223664,0.2129149,0.14095473
chrV_228533_228833,1.3247619,0.21936767
chrV_229551_230019,1.1889211,0.3750234
chrV_234564_235127,0.59570825,0.4972248
chrV_237248_237689,1.2300078,0.37497157
chrV_238206_238641,1.4841074,0.33827984
chrV_241779_243377,0.9510611,0.59409875
chrV_248156_248694,2.228177,0.27216807
chrV_251472_251777,0.9795098,1.157755
chrV_26558_27733,0.49579483,0.14967959
chrV_280948_281762,1.3608563,0.5921694
chrV_284499_285457,0.66938084,0.0782104
chrV_291417_292052,0.5842715,0.16776904
chrV_294999_295477,0.72514784,0.10579648
chrV_318048_318272,1.5484971,0.22494073
chrV_322048_322734,1.4414899,0.47642332
chrV_324327_324492,0.3784852,0.023030262
chrV_327141_327322,2.3114684,0.36151507
chrV_33437_34280,0.669062,0.31299517
chrV_335113_336214,0.9344468,0.01745923
chrV_340191_340733,1.6356795,0.030473715
chrV_342263_343017,2.191948,0.074071474
chrV_343046_343568,0.70591986,0.29182893
chrV_349343_350211,0.5985743,0.20819159
chrV_354866_355876,0.6525313,0.05554879
chrV_366431_366878,1.7845567,0.4138006
chrV_367100_367300,0.49131384,0.12744525
chrV_386704_387270,1.0090537,0.17281736
chrV_394067_394497,1.2774302,0.18858087
chrV_400589_401361,0.52693975,0.15283625
chrV_40394_41249,1.0794777,0.058484584
chrV_42052_43245,0.5447422,0.513309
chrV_422058_423620,0.74118304,0.07852491
chrV_432806_433220,0.1663498,0.3369957
chrV_438814_439684,2.077118,0.30341068
chrV_441395_441695,0.9546232,0.49435535
chrV_441732_443583,0.5290926,0.12994392
chrV_451415_451718,0.26125345,0.8076673
chrV_453074_453554,0.30017632,0.4653206
chrV_461399_463006,0.76254743,0.100108944
chrV_463017_463754,0.57047457,0.30868205
chrV_473229_473403,0.37149605,0.31485158
chrV_473683_475828,0.45215455,0.20134984
chrV_482738_483809,1.4846363,0.03143453
chrV_484430_484858,0.79977083,0.1741063
chrV_489925_490308,0.22644696,0.107435904
chrV_490677_492696,1.1108459,0.04852678
chrV_502709_503562,0.92705107,0.04458171
chrV_503594_504283,2.060297,0.19102277
chrV_516772_517045,0.95990956,0.13647653
chrV_517241_517904,0.85610193,0.44232005
chrV_525646_526529,1.031891,0.3525615
chrV_53176_54103,0.34090024,0.13208029
chrV_536128_536515,0.88614863,0.19861722
chrV_539236_539754,1.1644331,0.20877802
chrV_544390_545615,0.8954067,0.22456187
chrV_546550_547046,2.1972692,0.11108142
chrV_551178_551518,1.6863698,0.77594984
chrV_553369_553607,2.250381,0.2687824
chrV_567637_568136,0.44499946,0.37831065
chrV_60293_60457,1.429226,0.34632245
chrV_68494_70464,0.68534845,0.06843425
chrV_77328_78132,1.1743665,0.7730518
chrV_80177_80544,1.266115,0.17493017
chrV_84818_87046,0.3804475,0.21946056
chrV_90092_90342,0.6806729,0.3478083
chrV_93852_94037,0.75640136,0.32628715
chrV_99532_101004,0.4387257,0.56883687
chrXIII_101292_102075,2.4329505,0.04461403
chrXIII_104116_104899,1.033274,0.45585272
chrXIII_110347_110563,2.2110155,0.10692587
chrXIII_111779_112161,1.7435555,0.07916515
chrXIII_115327_115813,1.8765122,0.5127042
chrXIII_129485_130041,1.5930758,0.2669232
chrXIII_133117_133810,0.8441895,0.22114056
chrXIII_135179_135639,0.78839207,0.8833994
chrXIII_140229_140704,1.4811922,0.1560306
chrXIII_14544_15169,0.524044,0.96019876
chrXIII_15379_15532,0.9190432,0.09940361
chrXIII_158876_160324,0.3034315,0.6491563
chrXIII_16372_17121,1.9307829,0.07203928
chrXIII_169915_170568,0.9291549,0.12106421
chrXIII_178011_178710,0.6055203,0.06746392
chrXIII_180151_180325,0.7629997,0.5620594
chrXIII_190149_190584,0.62129205,0.9194253
chrXIII_191962_193295,1.1442449,0.024287678
chrXIII_193587_194451,0.61303926,0.3848284
chrXIII_194629_194962,0.21768317,0.084699586
chrXIII_195372_196534,1.5878644,0.08640839
chrXIII_202309_202942,0.71338385,0.39642632
chrXIII_203882_204705,0.40275776,0.012076186
chrXIII_208504_209681,0.17770164,0.16692817
chrXIII_214028_214241,0.725034,0.29524976
chrXIII_219727_221263,0.15518753,0.18462266
chrXIII_227061_227238,1.0864332,0.18233234
chrXIII_230626_231384,0.86405027,0.0637871
chrXIII_236134_236744,0.62326896,0.04943621
chrXIII_23798_24311,0.61411446,0.3441287
chrXIII_241999_242196,0.26440948,0.40989265
chrXIII_244015_244213,0.2780197,0.3669434
chrXIII_245580_246228,0.40992448,0.04385813
chrXIII_247492_247694,1.80256,0.09168372
chrXIII_250467_250816,2.0469337,0.35732555
chrXIII_253103_253922,2.3405817,0.8179461
chrXIII_25912_26898,1.8356804,0.46070012
chrXIII_266850_267320,0.92643654,0.12008483
chrXIII_267601_267780,1.6587926,0.40895206
chrXIII_271609_272564,2.604135,0.12059587
chrXIII_272840_273204,1.1933844,0.3071599
chrXIII_275822_276141,0.73832625,0.3174966
chrXIII_279887_280319,1.41024,0.42780355
chrXIII_287219_288622,0.6558968,0.13145344
chrXIII_288691_288852,1.3406997,0.5347184
chrXIII_288857_289580,1.3792478,0.054565072
chrXIII_289655_290081,0.11342418,0.31815124
chrXIII_290828_291180,0.4529433,0.036532525
chrXIII_296714_297178,0.36958462,0.6799537
chrXIII_312111_312371,2.2737114,0.30560124
chrXIII_318379_318893,0.7176255,0.06378046
chrXIII_320920_321266,2.683588,0.19701044
chrXIII_321759_321960,0.8623428,0.27073658
chrXIII_325505_325909,1.1318924,0.3806714
chrXIII_334748_335337,1.0023009,0.75554055
chrXIII_33730_34231,1.2168183,0.24555601
chrXIII_340894_341403,0.6475135,0.07055503
chrXIII_347029_348017,0.43053535,0.12874019
chrXIII_352259_353712,1.9179145,0.12151782
chrXIII_355136_355641,0.7173726,0.042759847
chrXIII_362459_363715,0.34209967,0.31227216
chrXIII_366757_367039,2.4985485,0.3310801
chrXIII_37407_38147,1.9644339,0.64375424
chrXIII_378622_379827,0.8117311,0.21999186
chrXIII_387401_389166,0.16081329,0.088211045
chrXIII_396391_397297,0.4373443,0.09442701
chrXIII_39643_39982,1.0836323,0.69093055
chrXIII_397465_397715,0.76573485,0.3298896
chrXIII_397751_398034,2.3339622,0.53816944
chrXIII_399770_399933,1.1484323,0.29814398
chrXIII_401396_401730,2.3156722,0.22860254
chrXIII_407609_409007,0.177703,0.060527228
chrXIII_412812_413226,0.048313975,0.21333668
chrXIII_413349_414083,2.6419168,0.14194468
chrXIII_424620_425060,2.524591,0.27379036
chrXIII_431501_432563,1.2001412,0.20359467
chrXIII_438878_439405,0.4254858,0.23298882
chrXIII_442289_442757,1.5854167,0.322779
chrXIII_449089_449276,0.533794,0.07129819
chrXIII_450140_450362,0.3116213,0.11855438
chrXIII_458134_458556,1.8140186,0.12232296
chrXIII_472477_473597,0.15817218,0.84901595
chrXIII_477779_478320,1.5006167,0.6112776
chrXIII_478796_479098,0.59992236,0.20053864
chrXIII_482441_483865,1.898227,0.045711935
chrXIII_489684_489912,0.34236792,0.26882994
chrXIII_490784_490995,1.1001682,0.3188102
chrXIII_493603_493952,0.55972064,0.59911823
chrXIII_496691_497011,0.5765118,0.18818276
chrXIII_507382_507552,1.6735898,0.09485393
chrXIII_509414_509757,1.7418302,0.4135924
chrXIII_50950_51771,1.4106172,0.1760216
chrXIII_510398_511313,0.54315805,0.48406637
chrXIII_517308_517859,1.0510353,0.10738536
chrXIII_523370_523809,1.7102503,0.3235527
chrXIII_527457_528137,0.98398405,0.7331388
chrXIII_531467_532174,0.26544634,0.38741213
chrXIII_539882_541343,0.48221987,0.10896782
chrXIII_545635_546248,2.1514025,0.3859287
chrXIII_547601_547780,1.8722872,1.5048947
chrXIII_556735_557754,0.9780565,0.3155629
chrXIII_560544_561031,1.1592453,0.03547666
chrXIII_562446_562631,0.68627596,0.80046505
chrXIII_574928_575085,1.2534235,0.35114732
chrXIII_577362_577859,1.4971399,1.0110757
chrXIII_578007_578197,0.2313524,0.20689073
chrXIII_584012_584386,2.8099236,1.4926382
chrXIII_58700_59178,1.0478302,0.4037429
chrXIII_589608_590575,1.1436429,0.14364178
chrXIII_592311_593508,0.1906943,0.12536615
chrXIII_605810_606338,0.518949,0.30466598
chrXIII_62078_62749,1.0950592,0.18288271
chrXIII_622489_622968,1.2628458,0.5692149
chrXIII_624167_624576,2.873302,1.0580299
chrXIII_626893_627202,0.8410855,0.23934485
chrXIII_627987_628402,0.90970033,0.13615169
chrXIII_628904_629081,0.7865237,0.17740838
chrXIII_637078_637680,1.4951042,0.56039447
chrXIII_645305_645844,1.9799789,0.069273874
chrXIII_667164_667758,0.3831783,0.100356005
chrXIII_668015_668542,3.163495,0.50593823
chrXIII_674915_676082,2.0175023,1.0002021
chrXIII_676333_676900,0.5933877,0.061848335
chrXIII_683917_684642,2.7466023,0.11390898
chrXIII_687403_687573,0.7854416,1.5108228
chrXIII_688686_689110,0.81327903,0.45176843
chrXIII_693204_693577,0.70442194,0.3372839
chrXIII_695026_695629,0.91893566,0.38123804
chrXIII_69552_70778,0.14387164,0.11795508
chrXIII_695662_695904,0.6950325,0.750909
chrXIII_706992_707376,0.47706646,0.50372374
chrXIII_711975_712471,0.48956805,0.02442273
chrXIII_712621_712779,3.6357422,0.0742951
chrXIII_715387_715882,1.0405031,0.085914776
chrXIII_716195_716452,1.1917715,0.81508964
chrXIII_721205_721831,0.03395446,0.40024674
chrXIII_722344_722839,0.98861146,0.21783666
chrXIII_72266_72423,1.3755537,0.06048025
chrXIII_732135_732544,2.4635844,1.4911371
chrXIII_733176_733762,1.6725483,0.55542994
chrXIII_73361_73531,0.03027753,0.15840495
chrXIII_742743_743251,1.0971872,0.45203725
chrXIII_743360_743952,1.3727514,0.042274363
chrXIII_746069_746407,0.5380939,0.11161712
chrXIII_747681_747828,1.390364,0.0841495
chrXIII_751317_752017,0.71609765,0.10213189
chrXIII_757319_757473,0.51072747,0.304863
chrXIII_758888_759741,0.92067707,0.27823824
chrXIII_760221_760550,0.5849747,0.3964751
chrXIII_763241_763612,0.12251034,0.0492829
chrXIII_76900_77475,0.34946224,1.1023529
chrXIII_773031_773443,0.77964866,0.17767432
chrXIII_773609_774997,0.83650506,0.20607826
chrXIII_775274_775468,0.6774452,0.080004565
chrXIII_777404_777995,1.3171433,0.533934
chrXIII_782331_782712,1.3912157,0.23130122
chrXIII_784251_784639,1.3118329,0.31770495
chrXIII_790086_790444,1.2733009,0.09051521
chrXIII_793494_793966,0.58222806,0.45799977
chrXIII_795713_795873,0.80949974,0.16852792
chrXIII_795894_796130,0.7341718,0.14134832
chrXIII_797720_798496,2.5002697,0.16741295
chrXIII_79789_79950,0.5530779,0.21005584
chrXIII_810888_811553,1.8592697,0.32920322
chrXIII_818305_819313,0.6986199,0.1975429
chrXIII_819591_820349,2.435907,0.24057476
chrXIII_826621_827110,1.5311196,0.53099835
chrXIII_827377_827565,0.6277554,0.17929004
chrXIII_831940_833284,1.1949984,0.2460928
chrXIII_837813_838363,1.0199144,0.3654355
chrXIII_845415_845720,2.0704925,0.39843887
chrXIII_848576_848901,1.4239368,0.45668334
chrXIII_851839_852712,0.36970428,0.67991906
chrXIII_853983_854436,0.28979278,0.5376657
chrXIII_854469_854951,0.769298,0.25014928
chrXIII_859039_859265,2.0747964,0.20648874
chrXIII_860236_860383,1.0506134,0.27425066
chrXIII_86617_87013,0.51269543,0.059838008
chrXIII_867308_867839,0.9218044,0.25570548
chrXIII_872487_873218,0.7805483,0.078917734
chrXIII_886142_887107,0.46239585,0.7544135
chrXIII_895527_895969,1.976154,0.12413519
chrXIII_896741_896994,2.0377743,0.6801914
chrXIII_897525_898060,1.7724276,0.19311705
chrXIII_899141_899289,0.8669293,0.18967089
chrXIII_91021_92381,1.6172098,0.02957937
chrXIII_9922_10335,1.3773112,0.11862386
chrXII_1001367_1002752,0.7514713,0.058315292
chrXII_1010881_1011284,0.33084413,0.0762368
chrXII_1011371_1013800,0.38262188,0.0147101
chrXII_1019033_1019568,1.7173672,0.25027776
chrXII_1027848_1028979,0.5652612,0.10956058
chrXII_1035121_1036058,1.0386009,0.04640025
chrXII_1041436_1041899,1.4401448,0.06993277
chrXII_1043101_1044144,0.51530814,0.30160528
chrXII_1056662_1057398,0.7908568,0.29165652
chrXII_114415_114761,1.4455903,0.31890902
chrXII_122537_122684,0.67991894,0.4043563
chrXII_124894_125988,0.9253967,1.1987721
chrXII_129966_130241,0.5085619,0.26116398
chrXII_130877_131846,1.9931196,0.66222924
chrXII_136445_136648,0.8568023,0.1742662
chrXII_140839_141325,1.3072704,0.07974981
chrXII_143088_143276,1.6738777,0.6325927
chrXII_145893_146118,2.0608113,0.4105739
chrXII_146144_146341,1.1397415,0.38243824
chrXII_147499_148114,1.2236067,0.43921703
chrXII_151471_151731,2.1669922,0.23205735
chrXII_152789_152963,1.7633948,0.12938832
chrXII_157864_158013,1.0295455,0.6767178
chrXII_159609_160139,0.6771185,0.12001135
chrXII_163353_163817,1.0720072,0.30736226
chrXII_164125_164614,0.8593375,0.23623116
chrXII_169526_169687,1.7672386,0.36301428
chrXII_176928_177106,1.0283109,0.34498012
chrXII_17696_18150,3.0321329,0.46796715
chrXII_177319_177646,1.2860082,0.227802
chrXII_179540_179807,0.44499946,0.37831065
chrXII_187197_188246,1.4588335,0.06597413
chrXII_194298_194513,2.4489865,0.19781283
chrXII_199180_199784,0.9443883,0.2557077
chrXII_204881_205029,2.2074175,0.53621835
chrXII_208630_208810,0.8918431,0.23658259
chrXII_212043_212780,2.7627702,0.6366445
chrXII_214017_215258,0.54981947,0.19328801
chrXII_225240_225485,1.8972406,0.23115769
chrXII_22768_23032,1.8294201,0.49705696
chrXII_232129_232481,1.0011168,0.27298632
chrXII_232486_233100,0.20533888,0.3100426
chrXII_234192_235346,0.6992696,0.80742407
chrXII_248517_248954,1.026591,0.14734603
chrXII_252091_252376,0.29222482,0.9892955
chrXII_252974_253821,0.86501956,0.507723
chrXII_259379_260491,0.24587952,0.03928655
chrXII_262931_263240,1.2715023,0.29072857
chrXII_267021_267352,0.3547661,0.3533602
chrXII_273973_274192,1.1053149,0.1212798
chrXII_274227_274389,0.96092296,0.15027094
chrXII_274412_274704,0.9047098,0.30860096
chrXII_274931_275086,2.006109,0.23215218
chrXII_275348_275733,0.93050456,0.3433784
chrXII_278701_278932,2.5211818,0.7421073
chrXII_282498_283005,1.1903911,0.54316986
chrXII_283789_284043,0.53524536,0.08252082
chrXII_286562_287074,0.62700033,0.59702706
chrXII_300381_301114,2.0397944,0.27780777
chrXII_302316_302468,1.0411752,0.12676741
chrXII_302930_303086,0.50057983,0.26115033
chrXII_307562_307810,0.802425,0.20921767
chrXII_320047_320847,1.869362,0.030057017
chrXII_322193_322403,1.2733957,0.23417543
chrXII_322954_323487,0.9317417,0.2847436
chrXII_327558_327818,0.63317823,0.14515795
chrXII_327826_328114,0.29535007,0.9196969
chrXII_328793_329035,1.0597525,0.081820555
chrXII_329233_329948,0.7248646,0.13902375
chrXII_339831_339984,0.8164763,0.16577554
chrXII_341083_342080,0.31433585,0.19490136
chrXII_346517_346677,1.1936827,0.3915675
chrXII_347205_347615,0.15736416,0.7278155
chrXII_347803_348017,1.2317089,0.32183015
chrXII_358192_358515,1.3327167,0.31811836
chrXII_363914_364539,1.201527,0.042876318
chrXII_36550_37508,0.08235284,0.25938526
chrXII_369436_371514,1.414316,0.13429977
chrXII_377203_377987,1.5999068,0.11733595
chrXII_382009_382340,0.67628616,0.11375425
chrXII_384608_384755,1.4500189,0.32432234
chrXII_388400_389632,1.8083185,0.030544372
chrXII_390420_391023,0.08249931,0.46791065
chrXII_395666_395919,1.4607974,0.16700743
chrXII_403134_403294,0.71808344,0.8309018
chrXII_404161_404779,0.26058227,0.07115479
chrXII_40469_40892,1.9088476,0.029354066
chrXII_405052_405208,0.44367692,0.22665364
chrXII_406979_407392,2.205721,1.0882639
chrXII_416625_417653,0.14201148,0.013451372
chrXII_417671_418393,2.018065,0.034851905
chrXII_423650_425221,0.424655,0.951337
chrXII_433553_433859,0.44715273,0.58983964
chrXII_437102_437429,2.1222813,0.6474679
chrXII_447745_448092,0.6413588,0.18271555
chrXII_448321_448859,2.3729534,0.42183816
chrXII_46527_46800,2.5662951,0.08599887
chrXII_48596_49989,0.9813306,1.378817
chrXII_493227_493902,1.0358882,0.10836387
chrXII_494005_494233,0.13953266,0.13051784
chrXII_500345_500841,0.67318445,0.16652852
chrXII_501155_501467,1.8875923,0.26655498
chrXII_503974_504690,0.41906217,0.32035476
chrXII_510323_511100,2.02909,0.09353315
chrXII_513248_513400,2.3748379,0.5942906
chrXII_514148_515242,2.2339497,0.19583987
chrXII_520708_520875,3.5164955,0.22085749
chrXII_522145_522812,2.0729892,0.03771743
chrXII_523430_523819,1.394395,1.4724677
chrXII_528110_528329,3.297389,0.060233332
chrXII_534356_534855,2.1222813,0.6474679
chrXII_53932_54795,0.477822,0.085730165
chrXII_540639_542234,0.98120815,0.3014588
chrXII_551932_552465,0.71941787,0.058009975
chrXII_55288_55458,2.225325,0.050373964
chrXII_556660_556835,2.2455916,0.3691814
chrXII_559151_559721,1.953465,0.49498785
chrXII_566394_568538,0.5872444,0.35094783
chrXII_573582_574038,1.6370324,0.3015579
chrXII_576337_576991,2.064248,0.38929608
chrXII_585900_586628,2.0033877,0.06663483
chrXII_587100_587998,0.99672353,0.26561034
chrXII_588018_588190,0.5208361,0.2825326
chrXII_588892_589513,0.5039278,0.080078326
chrXII_604309_604580,0.5103144,0.3059971
chrXII_611114_612264,0.22038811,0.43468136
chrXII_617472_617645,2.605101,0.51519096
chrXII_620358_620511,1.3237561,0.7844834
chrXII_626857_627215,0.5137751,0.076394804
chrXII_628053_628347,0.1284667,1.1783954
chrXII_628459_628923,0.17372887,0.12382247
chrXII_635907_636675,1.0692477,0.10278334
chrXII_640192_640343,3.1476684,1.171542
chrXII_645146_646521,1.639809,0.040438704
chrXII_65282_66693,0.46249068,0.3835487
chrXII_659612_660623,1.4188229,0.021928035
chrXII_677480_678356,0.62954605,0.122868836
chrXII_682695_682995,1.4765487,0.23196545
chrXII_691195_691611,1.6033432,0.018824285
chrXII_694060_694510,1.0806179,0.21247491
chrXII_697064_697241,1.1336219,0.09991566
chrXII_704031_705292,0.7726383,0.090762876
chrXII_713202_713734,1.7256429,0.23159832
chrXII_722952_723884,0.5896395,0.05380639
chrXII_73261_73659,1.0744724,0.067353524
chrXII_743945_744234,0.96709347,0.6540231
chrXII_747398_748054,0.8123284,1.2512838
chrXII_748330_748606,0.6291353,0.42826256
chrXII_757172_757534,1.1297688,0.17112386
chrXII_758661_759719,0.24557771,0.17700988
chrXII_764941_765871,0.8948147,0.09483512
chrXII_771629_772392,2.2782114,0.06697233
chrXII_782834_783066,1.1163596,0.43675244
chrXII_787526_787695,0.62737644,0.2718322
chrXII_789570_790421,0.93631405,0.09220759
chrXII_796336_797611,0.8975521,0.14877264
chrXII_802950_803719,0.5573312,0.5447437
chrXII_80377_80550,1.3342782,0.05687667
chrXII_803854_804213,0.16591682,0.45392075
chrXII_804932_805772,1.9401535,0.08586722
chrXII_808772_809774,2.0377555,0.8772649
chrXII_818534_819394,0.27172038,0.22891746
chrXII_81889_82083,1.1389234,0.24553943
chrXII_820319_820654,1.8679488,0.16099854
chrXII_82088_82270,0.6049523,0.08122516
chrXII_826717_827480,0.16111526,0.045570157
chrXII_827506_828795,0.6128622,0.33563915
chrXII_83361_84583,0.8104798,0.31834528
chrXII_838339_838773,0.2512819,0.2925411
chrXII_841170_841390,0.46479252,0.6697291
chrXII_843887_844346,1.7889861,0.3563851
chrXII_855646_855871,0.3540725,0.19031018
chrXII_859230_859569,0.56468445,0.15344903
chrXII_861461_861615,2.0782392,0.20169997
chrXII_871273_872325,1.529526,0.21691836
chrXII_873859_874017,1.205284,0.3642604
chrXII_879053_879218,2.9957502,0.4068222
chrXII_884657_885296,0.3270976,0.42243773
chrXII_888331_888742,0.24484135,0.26674652
chrXII_892914_893286,0.5507986,0.28285563
chrXII_893414_893699,1.7553697,0.27203172
chrXII_902645_903982,0.83036226,0.22104868
chrXII_909898_910667,1.8934686,0.050470315
chrXII_921380_922584,0.16262913,0.050198175
chrXII_931798_932997,0.60161334,0.16167857
chrXII_934305_934497,1.3746189,0.12922743
chrXII_940131_941460,0.54815394,0.7128075
chrXII_947260_947663,0.43188778,0.22833395
chrXII_947926_948456,1.5683568,0.29783514
chrXII_954264_955675,0.6137274,0.13068877
chrXII_962764_963975,1.9737881,0.32565734
chrXII_965466_966096,0.86083466,0.44696853
chrXII_973306_973596,1.9102207,0.14347535
chrXII_973604_973768,1.3307935,0.5725801
chrXII_975244_976420,0.7348713,0.5648127
chrXII_97666_98194,1.2321936,0.18542525
chrXII_982422_983411,0.119924165,0.031077344
chrXII_98794_99614,0.38454518,0.109884895
chrXII_988064_988540,0.4433341,0.072921
chrXII_990393_991132,0.45810586,0.16559745
chrXII_999868_1000194,0.5355374,0.2775915
chrXIV_102740_103325,1.2428552,0.6819307
chrXIV_103396_103565,0.82294375,0.25063056
chrXIV_103593_103740,1.6804928,0.4442601
chrXIV_103827_104512,0.97501117,0.30080906
chrXIV_104626_105194,2.4022007,1.4272156
chrXIV_107105_107690,2.6294017,0.45292974
chrXIV_112602_113186,0.7639848,0.28014448
chrXIV_116021_117421,0.6708266,0.20308343
chrXIV_118720_118922,1.0842379,0.3500119
chrXIV_119207_119426,0.60737145,0.4976999
chrXIV_135603_136081,0.9792058,0.58035254
chrXIV_137756_138684,0.723804,0.09957959
chrXIV_145318_146194,1.1749836,0.08266403
chrXIV_146454_146836,0.5977431,0.2262151
chrXIV_147877_148427,0.23252745,0.72451043
chrXIV_154753_155280,0.9774764,0.39859068
chrXIV_157766_158335,0.6248922,0.15194523
chrXIV_160457_160782,0.30710167,0.39602715
chrXIV_164245_164599,1.5303808,0.026120316
chrXIV_167901_168170,1.6386993,0.690847
chrXIV_172459_173203,0.14391863,0.18308243
chrXIV_173329_173880,0.4592019,0.029050123
chrXIV_175225_175449,1.824099,0.15574114
chrXIV_182757_182988,1.4881835,0.15677539
chrXIV_186882_187342,2.4425411,0.27555302
chrXIV_187484_188262,0.10250382,0.1842489
chrXIV_19219_19736,1.2790478,0.7372559
chrXIV_197062_197282,1.5294638,0.1869196
chrXIV_197806_199171,0.32229277,0.15096968
chrXIV_209728_210498,1.239881,0.4175498
chrXIV_216176_216671,0.9712274,0.074498504
chrXIV_217249_218137,2.3306508,0.24579757
chrXIV_220439_220870,1.6445527,0.19843602
chrXIV_227117_227612,0.6315917,0.87674314
chrXIV_22741_23949,0.39412823,0.8134319
chrXIV_228955_229286,0.7755388,0.6893477
chrXIV_229696_230064,0.59629256,0.2291419
chrXIV_233834_234564,1.526452,0.058756087
chrXIV_237901_238305,1.3090415,0.114063516
chrXIV_239607_240516,2.8539007,0.037458736
chrXIV_240717_241204,1.3805283,0.087388396
chrXIV_241213_241882,2.4494324,0.22166912
chrXIV_247100_247816,0.1053644,0.31855723
chrXIV_253859_255323,0.51777005,0.121507026
chrXIV_259412_259623,0.5535209,0.7985011
chrXIV_259628_259775,0.7416192,0.6785827
chrXIV_260207_260488,0.24816236,0.14446749
chrXIV_263639_263886,0.1636827,0.08467807
chrXIV_266342_267074,0.61082274,0.36026907
chrXIV_271827_272091,0.7187424,0.11265553
chrXIV_273784_274485,2.396993,0.114474
chrXIV_275784_276463,2.6240613,0.7655733
chrXIV_281346_282239,1.538084,0.18573855
chrXIV_288731_289848,0.17828408,0.06505131
chrXIV_289867_290078,0.6121076,0.48336512
chrXIV_292623_293059,1.4562651,0.3338286
chrXIV_295603_296018,1.118134,0.30145633
chrXIV_300927_302641,0.72673637,0.2389008
chrXIV_308762_309487,1.0058178,0.10314423
chrXIV_309782_310600,0.720249,0.04558947
chrXIV_317623_318904,1.1008127,0.029643835
chrXIV_323705_324240,1.0678139,0.4395032
chrXIV_326564_326773,0.9851932,0.17201683
chrXIV_33647_33876,1.6403733,0.6883491
chrXIV_339418_339720,1.1948285,0.7192819
chrXIV_33953_34892,1.2588674,0.2210761
chrXIV_340047_340427,1.2588241,0.09449961
chrXIV_345637_346336,0.8523208,0.18628271
chrXIV_349857_350626,0.56691915,0.010501603
chrXIV_365848_366908,1.1609616,0.17144737
chrXIV_372043_372649,0.3616555,0.4097642
chrXIV_373277_373538,1.4826612,0.5495569
chrXIV_37536_37854,1.6070119,0.31809863
chrXIV_378604_378857,1.3604866,0.59954214
chrXIV_380753_381495,0.6759844,0.24156919
chrXIV_386749_387267,0.24240686,0.16274364
chrXIV_392112_393011,1.1730406,0.18235071
chrXIV_400450_401074,1.258321,1.0328697
chrXIV_40547_40705,1.9704587,0.52748525
chrXIV_407716_407863,1.0406579,0.034516543
chrXIV_407975_408582,0.4330133,0.14628229
chrXIV_412107_412839,1.2534235,0.35114732
chrXIV_417598_417987,2.967977,0.7396427
chrXIV_419731_420257,1.271913,0.1313386
chrXIV_424671_425430,0.22286724,0.0911953
chrXIV_42620_42921,0.4592082,0.0844143
chrXIV_426758_428102,0.3103547,0.1645784
chrXIV_434502_435041,1.9778676,0.30774388
chrXIV_437528_437813,1.4080877,0.108987264
chrXIV_441414_442017,0.78226006,0.22573861
chrXIV_44335_45065,1.3158399,0.070750535
chrXIV_451280_451489,1.0729796,0.41154495
chrXIV_452024_452361,0.5494854,0.16879188
chrXIV_455934_456664,1.7461705,0.18560001
chrXIV_459570_459857,0.9482624,0.027749985
chrXIV_466151_466946,2.519943,0.15399161
chrXIV_471222_471395,0.4716762,0.32766792
chrXIV_480598_480822,0.838537,0.42997462
chrXIV_480884_481398,1.1568838,0.24277277
chrXIV_488261_488605,1.6360422,0.10688412
chrXIV_490253_490416,1.4902099,0.17810826
chrXIV_490651_491705,2.050104,0.5604373
chrXIV_502328_502487,2.4580364,0.11439769
chrXIV_507333_509217,0.6951154,0.04379409
chrXIV_514889_515377,0.5092505,0.21004742
chrXIV_51622_52700,0.26067984,0.32062295
chrXIV_516833_517404,1.832379,0.51092815
chrXIV_517626_519402,1.249416,0.014277565
chrXIV_525104_526227,1.549889,0.84279025
chrXIV_531219_532206,2.206802,0.18778601
chrXIV_537874_538339,1.9812993,0.75500053
chrXIV_541675_543003,1.0212626,0.2560919
chrXIV_544913_545200,0.8477768,0.17174284
chrXIV_558748_561621,2.1892605,0.053545404
chrXIV_567618_570282,0.54438525,0.14902575
chrXIV_575272_575537,1.0001274,0.76613826
chrXIV_576010_576873,1.0187064,0.0970155
chrXIV_577245_577466,0.94737,0.45308998
chrXIV_58244_58392,0.7224134,0.05279467
chrXIV_585251_585689,1.4273669,0.12637047
chrXIV_586103_587163,2.31892,0.28015095
chrXIV_587661_588113,0.046415426,0.04331083
chrXIV_591329_591617,3.0325449,0.071754664
chrXIV_595626_595919,0.8550431,0.14240175
chrXIV_59894_60443,1.6403702,0.24917343
chrXIV_602248_603026,0.31731072,0.07733465
chrXIV_613112_613675,1.4252568,0.0662366
chrXIV_618322_618575,0.9513062,0.3308262
chrXIV_619557_620246,0.48831487,0.48970127
chrXIV_63059_63528,1.7833242,0.14711112
chrXIV_633621_633836,1.6150887,0.045569275
chrXIV_641938_642624,2.101968,0.23809893
chrXIV_651885_653386,0.31611753,0.08244602
chrXIV_653707_653958,2.700999,0.124137916
chrXIV_663400_664274,3.550092,0.10858371
chrXIV_664510_664727,1.1981012,0.06667412
chrXIV_674810_675181,0.49235073,0.09264609
chrXIV_675702_676302,1.5314881,0.7265261
chrXIV_676481_676695,0.6254791,0.3435654
chrXIV_68377_68875,0.85175043,0.13607197
chrXIV_685797_686200,0.33068237,0.08275724
chrXIV_687539_687940,1.654516,0.0688177
chrXIV_693878_694079,1.3103089,0.38044885
chrXIV_694366_695744,1.1979084,0.38157952
chrXIV_699594_700087,0.57662743,1.0668464
chrXIV_701522_702151,2.4001012,0.12513678
chrXIV_707540_707858,1.2578598,0.58235973
chrXIV_707864_708645,2.0726426,0.26469
chrXIV_713237_713401,1.7692275,0.4372123
chrXIV_719056_719509,0.56917626,0.038310904
chrXIV_728246_728648,0.9634319,0.114732444
chrXIV_733620_734088,0.5123943,0.60878706
chrXIV_738937_740173,0.7153722,0.080875956
chrXIV_749561_750669,0.0889363,0.110839784
chrXIV_762436_764612,0.90669006,0.13121757
chrXIV_76507_77114,1.9463222,0.15028478
chrXIV_779295_781693,1.4308304,0.15180969
chrXIV_78413_78755,1.6159272,0.09343414
chrXIV_80450_80868,0.8450747,0.5013418
chrXIV_88927_90374,1.1729327,0.29522198
chrXIV_95031_95326,1.8789622,1.4804429
chrXIV_95448_96643,0.7395871,0.33504677
chrXI_106209_106425,0.5278385,0.27267957
chrXI_106678_107247,0.8864797,0.23459469
chrXI_108871_109334,1.395484,0.20940825
chrXI_118337_119015,0.6371553,0.34640625
chrXI_119057_119204,0.9965745,0.16339006
chrXI_122391_122609,0.4731173,0.64092183
chrXI_127058_127959,0.76543796,0.059597302
chrXI_130348_130723,0.66973203,0.5204198
chrXI_133279_133647,1.7696882,0.29715034
chrXI_134163_134582,2.7486756,0.077629015
chrXI_164325_165474,0.40852118,0.101519085
chrXI_170834_171184,2.411158,0.0406615
chrXI_171244_172007,1.0255139,0.034334857
chrXI_178098_178581,0.9872925,0.0888929
chrXI_179492_179871,0.53467137,0.99227756
chrXI_180019_180379,0.79815996,0.092616946
chrXI_185716_186120,1.1463921,0.17242911
chrXI_191432_191740,0.8019824,0.47490984
chrXI_196199_196388,1.2656751,0.8715929
chrXI_196813_197065,0.60754776,0.05923943
chrXI_201356_201577,1.5583478,0.28766406
chrXI_203049_203560,1.382963,1.117064
chrXI_205031_205338,2.4510674,0.4342835
chrXI_210289_210683,1.3674426,0.1887657
chrXI_21470_22488,1.6820705,0.0804827
chrXI_219764_220410,0.54223317,0.02131827
chrXI_236838_237553,2.4726958,0.56574893
chrXI_23770_24085,0.9873169,0.27016184
chrXI_245609_246613,0.15982403,0.18114561
chrXI_247326_247586,1.3100262,0.036366884
chrXI_247741_248674,0.7917541,0.15113312
chrXI_258356_259169,0.42495656,0.06489606
chrXI_269519_269921,1.2258676,0.22127365
chrXI_270382_271032,2.124745,0.21941139
chrXI_277828_279191,0.63881034,0.06849328
chrXI_284706_285108,2.741478,0.2707487
chrXI_296179_296630,0.5232734,0.8478921
chrXI_299017_299509,1.5200473,0.336971
chrXI_30669_30983,0.61601627,0.17024046
chrXI_307117_307375,1.3296105,0.54724294
chrXI_315558_315723,1.2772189,0.9371501
chrXI_317054_317658,1.3063391,0.3182057
chrXI_325763_325918,0.36189088,0.5601273
chrXI_327550_328676,0.4345008,0.15444688
chrXI_335584_335757,0.89102983,0.23945995
chrXI_339607_339763,1.6752613,0.14243172
chrXI_340381_340572,1.4305589,0.8294493
chrXI_342213_342454,0.5743576,0.20908353
chrXI_355202_356541,1.764998,0.72170407
chrXI_368932_369977,2.406038,0.26146996
chrXI_371327_371815,0.5933201,0.19341487
chrXI_380031_380184,1.2948415,0.34752685
chrXI_38144_39259,0.18150197,0.25702056
chrXI_381737_382629,0.24582289,0.04117937
chrXI_382799_383273,0.37036166,0.36081162
chrXI_383379_383737,2.1682115,0.06741244
chrXI_392205_392566,0.2812115,0.3875684
chrXI_392984_393229,1.0370569,0.22397879
chrXI_393293_394207,2.8662977,0.23760453
chrXI_402040_402849,1.4967749,0.10364128
chrXI_407979_408694,1.0370052,0.1507419
chrXI_417921_418705,0.766031,0.017303774
chrXI_420008_420209,0.22722429,0.46520987
chrXI_428759_429487,0.31071222,0.27402565
chrXI_445092_445397,0.74688786,0.3209476
chrXI_446381_446792,1.000858,0.04341838
chrXI_451124_451637,1.2911401,0.06067314
chrXI_451976_452285,1.3492472,0.72491175
chrXI_454647_455081,0.40870735,0.11897733
chrXI_455192_455353,1.0551721,1.1754415
chrXI_462810_464202,1.6145227,0.26574272
chrXI_46349_47323,3.0938056,0.45304546
chrXI_475978_476275,0.9616767,0.594509
chrXI_47730_48439,0.5037111,0.54901177
chrXI_478142_478611,0.7612883,0.37387136
chrXI_479013_479445,1.8776944,0.061599083
chrXI_487864_488054,1.8450705,0.24100743
chrXI_488246_488554,2.289098,0.37434605
chrXI_490976_491545,1.0060159,0.76485384
chrXI_493605_494065,1.4712679,0.35813197
chrXI_499450_500457,0.41186607,0.35302654
chrXI_506390_507147,0.53108704,0.058247518
chrXI_507612_508025,1.4246734,0.069195695
chrXI_526630_527005,0.50973433,0.13530995
chrXI_527037_527283,0.8788419,0.36140573
chrXI_533582_534414,1.5641003,0.04802199
chrXI_534625_534772,0.90373564,0.9729847
chrXI_53532_53781,0.738851,0.3697301
chrXI_535550_536175,0.5230275,0.10714106
chrXI_547878_548266,1.865358,0.009595602
chrXI_55069_56219,0.052661605,0.10305281
chrXI_551233_551769,0.10537697,0.07813517
chrXI_552331_552971,0.8106296,1.3491484
chrXI_554551_554985,0.26317573,0.8068867
chrXI_557584_557764,1.4626684,0.39207107
chrXI_558805_559222,1.6901023,0.10384575
chrXI_559362_559851,1.6960664,0.117917046
chrXI_565816_566371,1.0065414,0.12233053
chrXI_566457_568118,0.8330663,0.27504677
chrXI_573003_573257,2.1792848,0.7013416
chrXI_573642_573802,2.4797971,0.25145727
chrXI_578273_578481,0.22354016,0.06357179
chrXI_578809_579286,2.2749362,0.4233681
chrXI_589682_590682,1.9797758,0.6828796
chrXI_591078_591253,0.47875553,0.20638283
chrXI_591470_591772,1.0891824,0.56174856
chrXI_592718_592871,0.18993151,0.8238621
chrXI_598846_599529,1.6038257,0.05425365
chrXI_605724_606080,1.4500941,0.058341004
chrXI_630133_631000,0.7930023,0.07210484
chrXI_640376_640616,1.3193562,0.17526677
chrXI_67800_69992,0.44596043,0.036092207
chrXI_70613_70897,0.94880825,0.08522586
chrXI_70904_71198,0.74091434,0.05198503
chrXI_75498_76040,1.3591157,0.4174192
chrXI_80017_80298,0.41607448,0.44043267
chrXI_80480_81052,0.79899776,0.16304411
chrXI_82765_83029,0.5977363,0.15953505
chrXI_91166_91412,0.7276619,0.11319102
chrXI_91934_92942,1.3020757,0.16512659
chrXI_99069_100371,0.1547523,0.50900257
chrXVI_100322_100568,0.6475862,1.2702975
chrXVI_106681_107160,1.3087757,0.29169866
chrXVI_113747_115256,0.27947378,0.5164873
chrXVI_127994_128495,0.71100336,0.21981129
chrXVI_131969_133232,2.622821,0.0546102
chrXVI_147115_147560,1.0237643,0.054983456
chrXVI_150173_150843,1.4017216,0.7606695
chrXVI_153252_153547,0.4219375,0.27601764
chrXVI_156309_156724,0.60832155,0.17742433
chrXVI_157724_157939,1.2036945,0.30402806
chrXVI_159552_159902,0.8963972,0.15298411
chrXVI_163548_164190,0.9512412,0.2820464
chrXVI_172712_173214,2.9156833,0.38135913
chrXVI_174856_175225,0.6337218,0.56342155
chrXVI_175298_175682,1.5690608,0.053118408
chrXVI_176022_176406,1.13899,0.16746359
chrXVI_181198_181606,2.0404747,0.8907281
chrXVI_188538_189416,3.1225655,0.2864153
chrXVI_195167_196051,1.0653028,0.029726828
chrXVI_202694_203456,1.1551112,0.29510468
chrXVI_205008_205410,2.2479155,0.35595402
chrXVI_207452_208095,2.572518,0.5554888
chrXVI_21960_23096,0.06791988,0.16359714
chrXVI_226468_226825,0.65430915,0.16949081
chrXVI_227457_228890,0.9582288,0.13043736
chrXVI_237043_237386,1.3284826,0.5322454
chrXVI_239259_239502,1.1436557,0.55251807
chrXVI_243971_244461,1.4244211,0.20993823
chrXVI_24583_24959,1.4427954,0.87350374
chrXVI_246262_247109,1.7582998,0.36866572
chrXVI_256889_257604,0.67448103,1.2947273
chrXVI_259028_259181,1.0053788,0.2587942
chrXVI_259461_259749,1.6605957,0.18101844
chrXVI_264688_265082,2.358045,0.58645827
chrXVI_270808_271484,0.5863289,0.7021873
chrXVI_279945_280680,1.5156026,0.2526553
chrXVI_286996_287572,2.8028722,0.31412488
chrXVI_296474_297640,1.2518646,0.10435864
chrXVI_29661_30699,0.45216462,0.52800846
chrXVI_299604_299837,1.1013453,0.7284786
chrXVI_309101_309352,0.699985,0.15612137
chrXVI_309523_310289,0.5191933,0.10604866
chrXVI_316530_316946,0.3094502,0.08264494
chrXVI_318907_319249,2.1849692,1.3227047
chrXVI_321943_322283,0.34752002,0.100776784
chrXVI_325365_325962,0.2610098,1.052357
chrXVI_326433_326684,1.585748,0.17285201
chrXVI_32906_33074,0.85197544,0.40697944
chrXVI_335699_336016,1.3474747,0.8736076
chrXVI_337284_337441,1.7093695,0.5719213
chrXVI_338778_341057,2.1554666,0.07667788
chrXVI_348724_349362,0.6715992,0.13188536
chrXVI_355209_355739,2.2584171,0.23705968
chrXVI_360009_360417,0.53866726,0.15395437
chrXVI_361717_361894,0.7436096,0.08950957
chrXVI_366636_367053,0.72663546,0.14639993
chrXVI_375016_375602,1.5847932,0.43463382
chrXVI_381240_382002,1.0866317,0.7088394
chrXVI_382797_383430,1.211817,0.12758705
chrXVI_391455_391676,0.8062036,0.122277126
chrXVI_393365_394200,0.41166943,0.5816157
chrXVI_398305_398494,1.4124246,0.31577975
chrXVI_40103_41088,0.59282595,0.21054398
chrXVI_404054_404905,0.6083048,0.2772921
chrXVI_406120_406629,0.4326074,0.2044275
chrXVI_411356_412574,0.67600185,0.10751205
chrXVI_415617_415854,0.79704,1.5605499
chrXVI_425018_426389,0.39901486,0.022428315
chrXVI_431584_433552,0.8688322,0.12802143
chrXVI_433779_434417,0.27514794,0.78823364
chrXVI_443249_445042,0.83819574,0.05916615
chrXVI_453346_454624,0.694143,0.05671005
chrXVI_454717_455721,1.1651832,0.2650626
chrXVI_462240_462617,0.95366764,0.15113994
chrXVI_462713_463300,0.021004913,0.0944132
chrXVI_463408_464574,1.2277548,0.11448736
chrXVI_46670_47369,1.4652723,0.28005847
chrXVI_475050_475369,0.67967147,0.3149157
chrXVI_475510_476059,0.97464967,0.49341464
chrXVI_479961_480150,0.56252563,0.20836541
chrXVI_481873_483277,2.5626876,0.16004945
chrXVI_49087_49294,0.95816386,0.16312622
chrXVI_491541_492593,0.4043793,0.12509729
chrXVI_497803_498143,0.36958462,0.6799537
chrXVI_502347_503432,1.5158263,0.033884544
chrXVI_506510_506822,0.473787,0.06781122
chrXVI_514319_514728,0.14003417,0.12230736
chrXVI_517163_517941,2.2674084,0.11757039
chrXVI_525191_525949,0.89579034,0.69719714
chrXVI_526352_528505,0.5830719,0.14018637
chrXVI_529274_529600,0.55423284,0.25920334
chrXVI_534381_535203,0.19699802,0.042251226
chrXVI_542178_542400,1.9131329,0.16646479
chrXVI_54338_54754,1.4376683,0.08141812
chrXVI_544367_544806,2.3837388,0.27842236
chrXVI_54970_56676,1.0459644,0.14041235
chrXVI_550261_550473,0.96209455,0.6519072
chrXVI_551630_552208,0.95015156,0.084283486
chrXVI_566872_567650,1.290975,0.05906567
chrXVI_575021_576524,1.3824704,0.14703585
chrXVI_582914_583282,1.3336505,0.8298283
chrXVI_585850_587610,1.3842568,0.031524565
chrXVI_592873_593047,1.9937929,0.092181176
chrXVI_609973_610487,0.48291394,0.20863682
chrXVI_627435_628015,2.2595968,0.14318773
chrXVI_62755_63641,2.0978038,0.5247158
chrXVI_630921_631513,0.6705566,0.2856722
chrXVI_644963_646383,0.91963184,0.021154502
chrXVI_646518_646824,1.1753857,0.05196536
chrXVI_646966_647346,0.9311616,0.2727515
chrXVI_653450_653607,2.4897916,0.8487754
chrXVI_653669_654252,0.8137246,0.5154123
chrXVI_656487_657016,0.29082885,0.23662016
chrXVI_659067_659406,0.66947454,0.21812285
chrXVI_664791_666576,0.13554361,0.13119051
chrXVI_667376_667815,0.29866582,0.48882616
chrXVI_66932_67778,0.20354535,0.20757589
chrXVI_673630_674080,0.3199949,0.46636325
chrXVI_677097_677506,0.63176185,0.0903343
chrXVI_678465_679519,0.59574664,0.02089657
chrXVI_681495_681700,0.6405891,0.081413016
chrXVI_682031_682319,0.2867093,0.15284961
chrXVI_687993_688188,1.4626962,0.39868847
chrXVI_694733_695750,2.0726602,0.4690589
chrXVI_696946_697326,2.681379,0.13453798
chrXVI_699906_700527,0.9572577,0.50992155
chrXVI_709883_710456,0.78791,0.11893727
chrXVI_711505_711836,1.6618472,0.107547075
chrXVI_712928_713489,1.0977002,1.3359882
chrXVI_719176_720205,2.011751,0.103222206
chrXVI_720457_720765,1.1860721,0.367965
chrXVI_725038_725253,0.45467913,0.21989712
chrXVI_729553_730109,0.39751378,0.55210185
chrXVI_730181_730712,0.2124827,0.03697956
chrXVI_736826_737027,0.9874115,0.32503703
chrXVI_739660_740255,0.62703866,0.22038673
chrXVI_74012_75831,0.7199521,0.12582494
chrXVI_744201_744766,0.51878667,0.13698202
chrXVI_744924_745107,0.37574854,0.03460932
chrXVI_746891_747572,2.6600137,0.11333113
chrXVI_752059_752842,1.9125191,0.11968337
chrXVI_757900_758058,1.1480724,0.3028649
chrXVI_758480_758865,2.9954853,0.41929346
chrXVI_76115_76778,2.0510092,0.56665057
chrXVI_767618_767830,1.7102503,0.3235527
chrXVI_781612_782139,1.2508339,0.7922137
chrXVI_785514_786100,1.8325717,0.12102156
chrXVI_792401_792887,1.4783922,0.738335
chrXVI_801376_802357,0.7117435,0.22307566
chrXVI_803774_803977,2.5514815,1.318136
chrXVI_803986_804482,1.1144053,0.31583866
chrXVI_810435_811534,0.7769016,0.113079265
chrXVI_812343_813331,0.24945734,0.032363944
chrXVI_82735_83169,0.33594608,0.045848444
chrXVI_831097_831335,0.16603753,0.3142254
chrXVI_832007_832338,1.3109167,0.015999964
chrXVI_83462_83664,0.38469797,0.0930436
chrXVI_842177_842601,0.31055346,0.4941585
chrXVI_842839_843474,1.8279428,0.105049714
chrXVI_85246_85413,2.02368,0.21277243
chrXVI_85420_85783,0.5481564,0.1420719
chrXVI_856831_857608,1.4089484,0.54976493
chrXVI_866643_866967,4.0877895,0.106437966
chrXVI_870457_870762,2.1900342,0.30236492
chrXVI_874697_875352,0.36827552,0.38524488
chrXVI_876241_876514,0.7826217,0.10482043
chrXVI_876694_877092,0.44520038,0.670253
chrXVI_88128_88595,0.5977363,0.15953505
chrXVI_885574_885854,1.5850475,1.2259811
chrXVI_887812_888091,0.8867323,0.5189041
chrXVI_892111_892502,1.2205446,0.5067118
chrXVI_901019_901455,0.7876559,0.16865529
chrXVI_901618_902146,1.1154438,0.37775037
chrXVI_911048_911455,1.0928001,0.79191965
chrXVI_912394_912690,0.8411075,0.44771403
chrXVI_91563_91727,2.6234205,0.8586828
chrXVI_919158_919474,1.6001279,0.27329442
chrXVI_920021_920326,0.7599645,0.014048858
chrXVI_927433_928738,0.76582783,0.075483
chrXVI_938948_939209,0.78579897,0.61527354
chrXVI_96147_96803,1.2547045,0.06948103
chrXVI_98785_99555,1.5022235,0.4314256
chrXV_1009594_1010995,2.138113,0.096658885
chrXV_1015195_1015368,2.370368,0.20296082
chrXV_1017567_1018181,0.6046911,0.081609234
chrXV_1023362_1023835,0.80344373,0.22564588
chrXV_1025801_1026095,1.434027,0.2640667
chrXV_1031440_1032300,0.5674017,0.0870415
chrXV_103701_104326,0.9279076,0.22729728
chrXV_1040565_1040838,0.4076408,0.3735809
chrXV_1041163_1041473,0.27508765,0.11076044
chrXV_1043226_1043979,0.08297914,0.18379675
chrXV_1050835_1051170,1.5677476,0.04869127
chrXV_1058805_1059578,1.8629917,1.5365002
chrXV_1061202_1061649,1.1264963,0.0861901
chrXV_1066749_1066898,0.4036378,0.50099665
chrXV_109040_110283,0.30034098,0.05036779
chrXV_110_1041,0.14246102,0.3990266
chrXV_116176_116451,3.365823,0.5420306
chrXV_126614_126974,0.7535977,0.5048784
chrXV_127898_129203,1.1307248,0.68190795
chrXV_135800_136165,1.4617429,1.2958268
chrXV_143862_144404,0.60878974,0.44076806
chrXV_153643_154005,1.5892491,0.80809873
chrXV_159264_159574,1.0429968,1.3573602
chrXV_159649_160291,1.3782197,0.12330621
chrXV_160392_162195,0.55242395,0.6907795
chrXV_169966_171050,0.9356413,0.39904532
chrXV_181557_181730,1.4657921,0.27222484
chrXV_185003_185608,2.0331461,0.12660296
chrXV_186787_187181,0.60928035,0.3647788
chrXV_193233_193812,0.39801416,0.094999634
chrXV_196422_196777,0.8024823,0.055042297
chrXV_201857_202926,0.37693974,0.5043822
chrXV_206019_206314,1.1318924,0.3806714
chrXV_207348_207682,2.3563948,0.49542615
chrXV_21104_22230,1.3636354,1.1477227
chrXV_212109_212448,1.6615093,0.2662068
chrXV_220261_220441,1.659458,0.04424129
chrXV_231865_232539,1.2112954,0.2987898
chrXV_232713_232935,0.665783,0.17887942
chrXV_233827_234979,0.75861853,0.58490366
chrXV_241202_241643,1.8867029,0.2633314
chrXV_246951_247220,1.8785335,0.32480755
chrXV_255170_255554,0.31111947,0.06739573
chrXV_273667_275097,2.1377046,0.27263877
chrXV_285312_286247,0.63091135,0.0952335
chrXV_287974_288921,1.2459642,0.4114202
chrXV_301104_301415,1.536153,0.31532517
chrXV_315734_316951,2.5132425,0.07584299
chrXV_331741_331959,1.6006529,0.144713
chrXV_332000_332352,0.9893297,0.10019949
chrXV_349104_350005,0.15001982,0.21749832
chrXV_361305_361650,0.2676591,0.493413
chrXV_363704_363967,1.6782559,0.2377902
chrXV_369447_369645,2.089843,0.08532664
chrXV_370755_371668,2.5662951,0.08599887
chrXV_377549_378421,0.5689843,0.074639335
chrXV_380654_381033,1.0430303,0.41576704
chrXV_384663_385475,1.5768824,0.043427695
chrXV_400028_400409,0.74767005,0.10138229
chrXV_40155_40942,2.4131193,0.21964458
chrXV_405322_405616,1.6741356,0.5684262
chrXV_407661_408549,2.485597,0.081831045
chrXV_424112_424827,0.097735025,0.6452051
chrXV_427411_427864,1.7136668,0.31646505
chrXV_430474_430692,0.56251454,0.18764497
chrXV_431982_432214,0.7278504,0.38120255
chrXV_438548_439012,0.9786007,0.20381358
chrXV_443340_444604,0.5030575,0.1288957
chrXV_453427_453713,1.6017877,0.7464945
chrXV_461657_463044,2.011667,0.4397946
chrXV_464458_464808,2.1222813,0.6474679
chrXV_467927_468297,2.0309706,0.17013514
chrXV_471551_472137,0.26852795,0.14697377
chrXV_472160_472951,2.3906834,0.44716418
chrXV_474666_474828,0.9053059,0.16420236
chrXV_47523_48018,3.7653422,0.3268007
chrXV_479376_480630,0.38877183,0.05955858
chrXV_480660_480850,1.2567885,0.23880155
chrXV_481480_482070,1.3918352,0.090009436
chrXV_48626_48946,1.9783128,0.062190883
chrXV_486974_487900,0.50871974,1.0607904
chrXV_494006_495328,0.26227224,0.059652217
chrXV_502572_502803,1.4330161,0.5555892
chrXV_511266_512131,0.4158616,0.13087665
chrXV_528566_529308,0.31340927,0.115638934
chrXV_52947_53114,1.337746,0.2857534
chrXV_530274_530653,0.1254606,0.45204824
chrXV_533708_534213,2.292445,0.40864012
chrXV_55020_55407,2.0881815,0.20562059
chrXV_552820_553503,0.34736925,0.056605674
chrXV_55426_55836,1.4910281,0.6048607
chrXV_554712_555091,1.9136248,0.10794659
chrXV_558614_559168,0.710017,0.19829336
chrXV_560339_560906,1.4707274,0.03546896
chrXV_564303_565350,2.4064264,0.029631205
chrXV_570751_572404,0.8629487,0.23673713
chrXV_572829_573217,0.30439696,0.17578284
chrXV_574665_575109,1.9604181,0.25494742
chrXV_577797_578651,1.3602122,0.60316175
chrXV_579324_580279,2.168173,0.310947
chrXV_58339_59025,0.9710409,0.11733582
chrXV_584182_584842,0.21063305,0.40394342
chrXV_592446_593447,0.24035643,0.5298679
chrXV_593713_594901,1.4258602,0.15486015
chrXV_602514_602739,1.4205477,1.0054293
chrXV_605915_606711,0.8485563,0.10931726
chrXV_608722_609048,2.2614372,0.11786878
chrXV_609111_609510,0.71505624,0.35111216
chrXV_611312_612410,0.67031085,0.06709524
chrXV_61176_61578,0.35808235,0.103574544
chrXV_631477_632426,0.41691947,0.2827916
chrXV_636970_637336,1.7968522,0.30027854
chrXV_638454_639665,0.13980846,0.073441185
chrXV_639684_639879,2.1222157,0.06106952
chrXV_642204_642814,2.0779166,0.2839004
chrXV_648955_649355,1.5952744,0.62452257
chrXV_654006_654505,2.4658806,0.41027534
chrXV_656476_657504,0.87387395,0.4872059
chrXV_658306_658856,1.2503422,0.34806982
chrXV_662072_662460,2.117117,0.49207878
chrXV_663469_664061,1.7941991,0.32882613
chrXV_678928_679376,0.99051,0.119261935
chrXV_683272_684070,2.0918553,0.100465715
chrXV_6845_7279,2.1371768,0.21579702
chrXV_688897_689084,0.3712073,0.83774465
chrXV_689379_689762,0.41520807,0.29113603
chrXV_68967_69647,1.7971338,0.76891387
chrXV_692124_692611,0.8238055,0.29439816
chrXV_70107_70423,2.5662951,0.08599887
chrXV_709626_710809,1.7083019,0.14725932
chrXV_712366_713049,0.36298186,0.2803193
chrXV_716746_717535,0.39558616,0.015895575
chrXV_718201_718465,0.73832625,0.3174966
chrXV_720240_720718,0.9389908,0.24477153
chrXV_722064_722983,2.3847156,0.34818298
chrXV_727196_727496,0.6288037,0.13060693
chrXV_733540_734288,1.2389364,0.5548173
chrXV_736032_736237,0.40587348,0.028789705
chrXV_747372_747585,3.7137196,0.69536173
chrXV_755081_755388,2.2358592,0.34823367
chrXV_759012_759319,1.0525544,0.11413134
chrXV_761809_762138,1.5211909,0.1618766
chrXV_762176_762997,0.120796114,0.51959443
chrXV_767980_768507,0.4910293,0.15444453
chrXV_769354_770793,0.7668639,0.06662106
chrXV_77391_77634,1.2509445,0.34868282
chrXV_779403_781295,0.20918101,0.0678385
chrXV_781383_781971,0.79982716,1.335455
chrXV_787017_787173,0.7623524,0.23827057
chrXV_790130_790282,1.6094018,0.18490501
chrXV_795377_796138,1.4179854,0.5643184
chrXV_796186_796465,0.19842896,0.16733818
chrXV_803533_803854,1.2588584,0.84118855
chrXV_807091_807524,1.0937237,0.36683145
chrXV_813687_814276,0.6274018,0.18058302
chrXV_817028_817511,1.473729,0.612128
chrXV_820231_820484,0.7817211,0.18765451
chrXV_825164_826327,0.3340529,0.24621083
chrXV_82902_83650,0.8294627,0.667429
chrXV_831817_832764,0.72325176,0.19245838
chrXV_841056_841326,1.5346612,0.12468464
chrXV_849459_849716,1.4512296,0.06076286
chrXV_849777_850339,2.049133,0.26296017
chrXV_853233_853558,1.3897716,0.22786039
chrXV_853843_854513,1.2340256,0.24769787
chrXV_860321_861703,0.059579566,0.2862595
chrXV_866202_866375,0.4897571,0.14191814
chrXV_866462_867235,0.13657801,0.46969908
chrXV_868186_868384,1.0023009,0.75554055
chrXV_876557_877122,0.16288632,0.123606734
chrXV_877494_878450,0.91807574,0.3737523
chrXV_881922_882765,1.1630731,0.10045861
chrXV_883747_884415,0.53925186,0.43393403
chrXV_891651_892823,1.2099167,0.3399638
chrXV_89265_89452,0.5670034,0.4422703
chrXV_899878_900269,0.642344,0.28222996
chrXV_908453_909379,0.99495554,0.6653149
chrXV_924920_925749,0.61717963,0.063787356
chrXV_930357_930698,0.59271467,0.8857495
chrXV_930887_932243,0.17319682,0.1806941
chrXV_932328_932580,0.18544228,0.74879277
chrXV_936350_936545,1.6096358,0.3703595
chrXV_943308_943799,0.9093938,0.22631069
chrXV_94537_94871,0.23415786,0.50988626
chrXV_949283_949980,1.3046154,0.09173521
chrXV_956897_957307,0.771691,0.033497468
chrXV_96267_96897,0.5668161,0.26527956
chrXV_967918_969422,1.1022928,0.1670094
chrXV_976281_977214,2.1222813,0.6474679
chrXV_987062_989759,0.036441464,0.06613976
chrXV_994958_995106,1.2480605,0.2061934
chrXV_996880_997351,1.1696562,0.23184134
chrX_100967_101633,0.3118652,0.049457595
chrX_106912_107067,0.5701678,1.0546076
chrX_109621_110315,0.7936751,0.35249823
chrX_111297_111976,2.427701,0.49119294
chrX_120377_120909,0.70988643,0.4037154
chrX_121050_121750,0.76863134,0.06671087
chrX_123258_123950,0.4742433,0.018948728
chrX_129048_129682,0.3809752,0.12847137
chrX_130867_131252,1.0052149,0.26984194
chrX_136123_137405,0.15165779,0.07911144
chrX_146152_146678,0.8241394,0.15174998
chrX_146701_147456,1.221187,0.1741486
chrX_148100_148307,1.8932147,0.5057575
chrX_154840_155078,0.8599949,1.585131
chrX_157427_158173,0.8964925,0.22964874
chrX_159656_160662,1.1464137,0.34530714
chrX_173053_173834,3.2750065,0.6562043
chrX_182505_182757,1.0892665,0.4637122
chrX_187814_188134,1.5656601,0.27580965
chrX_189506_189850,0.1518216,0.2071686
chrX_192218_192479,1.8017201,0.10702628
chrX_196945_197662,0.96200824,0.06206915
chrX_204337_205549,0.2674712,0.31780425
chrX_207266_207938,1.4233147,0.15519138
chrX_209721_209998,1.8722872,1.5048947
chrX_211666_212147,1.7289947,0.45294738
chrX_21507_22068,0.78795564,0.11708476
chrX_22462_23327,0.7762716,0.14573061
chrX_231014_231464,0.5453466,0.1536042
chrX_236422_237463,0.571614,0.04016064
chrX_237545_237722,0.8727798,0.2570824
chrX_241560_241954,0.75201255,0.09016272
chrX_245645_245792,1.2877886,0.26594043
chrX_246178_246739,2.120492,0.017036222
chrX_246909_247439,1.5009459,0.2772365
chrX_254395_255065,1.4523196,0.42532802
chrX_256830_257447,0.9464696,0.6537488
chrX_260874_261243,0.5654948,0.13485618
chrX_262517_262816,0.61839277,0.1319145
chrX_26357_26784,0.69219404,0.14342077
chrX_265226_265974,0.6747337,0.22828226
chrX_268103_269110,0.38730612,0.20553157
chrX_278598_278916,1.2548984,0.09216688
chrX_278922_279246,0.462375,0.23269089
chrX_279660_279942,1.1008638,0.23783876
chrX_283898_284429,1.7804611,0.4057043
chrX_291061_292065,2.72146,0.05246722
chrX_293100_293297,1.3764633,0.16352871
chrX_294264_295282,0.37911108,0.10448259
chrX_302873_303329,0.41905263,0.11539479
chrX_305946_306311,0.8161554,0.10087287
chrX_308115_308277,0.61377716,1.9899672
chrX_313616_313908,0.55864584,0.14258373
chrX_313919_314373,1.2607269,0.5118668
chrX_316128_317289,1.0972549,1.3900403
chrX_317389_317662,1.1845262,0.4309399
chrX_323159_323575,2.4280262,0.8957768
chrX_324510_325219,0.38667428,0.050814442
chrX_327804_327959,1.8629917,1.5365002
chrX_332883_333667,2.2593548,0.11139627
chrX_335590_335868,0.8694341,0.21117724
chrX_345890_346043,1.3764225,0.10057877
chrX_348424_349984,0.18060242,0.11624566
chrX_352291_352443,1.0650975,0.80158836
chrX_360326_361949,0.95905614,0.47242796
chrX_36421_38045,0.45068213,0.062811516
chrX_369509_369697,1.3219453,0.35162216
chrX_373944_375189,1.4473829,0.29229376
chrX_380564_381331,1.200955,0.06774293
chrX_382811_383083,1.5197717,0.47916836
chrX_383089_383868,0.33745742,0.25797468
chrX_391010_392412,1.7885841,0.20566435
chrX_399939_400484,1.0164762,0.070103444
chrX_402427_402999,1.2751573,0.0698379
chrX_404791_405477,2.2262697,0.30186346
chrX_422768_423224,0.6281684,0.05585317
chrX_432066_432642,0.9257937,0.24684483
chrX_436590_436997,1.0418824,0.54300624
chrX_442584_442962,0.68627596,0.80046505
chrX_443152_443422,0.77055997,0.25595507
chrX_445722_445972,2.2390552,0.43122822
chrX_452023_452444,1.5447675,0.3885701
chrX_462573_462769,2.853165,0.14311177
chrX_466389_466873,0.20795637,0.47618547
chrX_466967_467793,0.096015275,0.40676743
chrX_468290_468928,0.39399353,0.18201919
chrX_47427_47876,0.39304376,0.2880184
chrX_483994_484727,0.35922566,0.058120154
chrX_484827_485184,3.8155217,0.16985624
chrX_485414_485938,0.23309578,0.10635547
chrX_486211_486772,0.7959367,0.7493725
chrX_490894_491135,1.2618256,1.5140107
chrX_491568_491777,1.2234932,0.17064926
chrX_496752_497025,2.9912882,0.20610608
chrX_497224_497638,2.2677112,0.17446572
chrX_49973_50683,1.0275974,0.061769057
chrX_503518_504334,2.1942384,0.25121373
chrX_507474_507775,1.9601512,0.23429962
chrX_513842_514121,1.7857599,1.2781671
chrX_521703_522116,2.7971597,0.43336013
chrX_531763_532466,1.3168429,0.29662946
chrX_538479_538979,2.0876186,0.24036874
chrX_54084_54523,1.830117,0.72852707
chrX_545165_545929,0.33468288,0.11834767
chrX_554868_555333,0.8676014,0.4657569
chrX_555690_555955,1.1186116,0.5885034
chrX_55728_55931,2.2883794,0.32965225
chrX_559069_559582,1.1641663,0.30964217
chrX_571027_571334,0.8478053,0.07495217
chrX_572484_572858,0.66438794,0.15884642
chrX_572879_573755,0.2626357,0.12326359
chrX_578131_579193,1.4232386,0.11443238
chrX_579202_579455,0.39225274,0.08479942
chrX_579665_579819,1.1114858,0.21942677
chrX_585285_585853,2.347359,0.5546339
chrX_587432_587861,0.35185057,0.18687797
chrX_598254_598834,0.3398389,0.278386
chrX_60043_60881,1.0685817,0.07071438
chrX_604172_604509,1.8722872,1.5048947
chrX_617845_618267,2.375114,0.4290664
chrX_622403_622565,0.7806343,0.5865722
chrX_622664_623054,0.5563436,0.105912045
chrX_623075_623781,0.81427675,0.5040933
chrX_628768_629004,1.1462992,0.12788102
chrX_63687_63845,2.0377555,0.8772649
chrX_638454_640904,0.81755257,0.2806923
chrX_646686_647509,1.3283155,0.07409523
chrX_649463_649923,0.5687056,0.13864544
chrX_656114_656459,0.31925988,0.49192023
chrX_662848_664388,0.9790315,0.13928542
chrX_664687_664843,0.5596063,0.054850448
chrX_672383_672754,0.58004326,0.17634302
chrX_673020_673335,1.9486474,0.0570146
chrX_673560_673736,0.5804907,0.1466727
chrX_681331_681489,0.5506497,0.92791104
chrX_684398_684811,1.2491059,1.256206
chrX_68834_69470,0.21187107,0.079826504
chrX_690530_691100,1.1946192,0.23975419
chrX_697036_697222,1.0648465,0.27952868
chrX_736358_736549,1.8441362,0.30725038
chrX_737983_738263,0.082527675,0.18474106
chrX_82622_82843,0.18928969,0.45205498
chrX_82933_83655,1.2180803,0.07961221
chrX_85484_85710,0.26098913,0.54377186
chrX_89979_90797,1.7650093,0.119998604
chrX_97323_97766,2.1681743,0.47645313
chrX_99183_99544,0.2253786,0.36382604
